filename,label
211455,0
246968,0
250752,0
245234,0
216937,0
208566,0
240095,0
205775,0
460116,0
254282,0
206231,0
464483,0
213463,0
209686,0
212325,0
204898,0
205745,0
223412,0
242891,0
240991,0
461196,0
248539,0
249947,0
220663,0
213126,0
232451,0
226188,0
212110,0
459448,0
211712,0
197415,0
253936,0
220230,0
196640,0
184826,0
229414,0
198365,0
253125,0
220771,0
192753,0
199959,0
256736,0
255038,0
200483,0
251319,0
187453,0
250171,0
209715,0
457042,0
222564,0
196469,0
255833,0
219912,0
234143,0
456773,0
217858,0
224259,0
183884,0
208975,0
200332,0
195561,0
248133,0
249355,0
250200,0
249099,0
461805,0
187472,0
230673,0
191963,0
228836,0
232844,0
253234,0
456145,0
192878,0
234328,0
183344,0
237408,0
242637,0
216408,0
249040,0
204431,0
463437,0
218575,0
460802,0
243666,0
208494,0
459779,0
239818,0
231797,0
249477,0
221829,0
256704,0
197165,0
242560,0
459248,0
249391,0
460980,0
454967,0
209534,0
201435,0
222995,0
189521,0
464984,0
465467,0
248534,0
220387,0
225556,0
190324,0
217940,0
205703,0
213450,0
246862,0
204663,0
253848,0
228186,0
460886,0
203864,0
185584,0
457185,0
236381,0
188486,0
253438,0
201759,0
214962,0
457759,0
254875,0
218519,0
188242,0
224057,0
211163,0
247252,0
255095,0
215644,0
454745,0
200006,0
245535,0
238055,0
235772,0
224034,0
200936,0
456646,0
197135,0
205354,0
251957,0
237940,0
235059,0
203809,0
213963,0
221992,0
244180,0
239736,0
248069,0
240081,0
246818,0
218602,0
237072,0
242282,0
229833,0
217861,0
231831,0
200097,0
188528,0
255777,0
208798,0
183145,0
198166,0
224434,0
184573,0
212933,0
210432,0
223892,0
464307,0
198060,0
193740,0
455628,0
197322,0
247017,0
206362,0
198792,0
465644,0
213400,0
222872,0
199842,0
207517,0
238857,0
255767,0
239782,0
226333,0
246700,0
206743,0
195381,0
185000,0
460110,0
236346,0
234895,0
223913,0
213160,0
232224,0
241976,0
214085,0
217161,0
230647,0
244227,0
461437,0
190024,0
457044,0
190594,0
249003,0
200746,0
189243,0
257701,0
232428,0
184320,0
251012,0
460769,0
246232,0
250227,0
204299,0
232587,0
210367,0
206774,0
459131,0
232289,0
199513,0
461209,0
200391,0
194917,0
201497,0
230104,0
228771,0
225239,0
235753,0
202768,0
226202,0
237773,0
229393,0
220883,0
232901,0
246022,0
184431,0
461767,0
211425,0
248867,0
185112,0
229019,0
459174,0
246524,0
201055,0
221304,0
463046,0
240216,0
239594,0
256748,0
194394,0
210832,0
248094,0
223896,0
241254,0
458081,0
191568,0
255481,0
224191,0
455001,0
238621,0
466162,0
228100,0
187683,0
240699,0
239743,0
196779,0
198159,0
242013,0
222453,0
456494,0
215291,0
459505,0
253126,0
193715,0
244854,0
218199,0
222691,0
221358,0
199057,0
193471,0
209108,0
243234,0
184596,0
201149,0
457282,0
464408,0
240856,0
232511,0
462032,0
207901,0
242468,0
463413,0
191928,0
183509,0
188914,0
257604,0
182891,0
233789,0
215392,0
455003,0
253347,0
237372,0
209365,0
209725,0
217992,0
247265,0
216477,0
250769,0
224423,0
220801,0
239983,0
215421,0
222759,0
257333,0
185748,0
232153,0
206289,0
197441,0
460773,0
187694,0
232085,0
197189,0
212452,0
215251,0
222985,0
251515,0
195705,0
200022,0
214288,0
455275,0
250173,0
194530,0
194321,0
237094,0
239297,0
251469,0
190631,0
211780,0
230406,0
460605,0
255921,0
236641,0
194691,0
460728,0
232349,0
200950,0
196149,0
246171,0
215176,0
235651,0
460402,0
215293,0
243043,0
192860,0
234105,0
200848,0
187643,0
459052,0
195336,0
190200,0
190416,0
211189,0
210276,0
237004,0
257797,0
456484,0
211857,0
229688,0
251869,0
257574,0
200729,0
184961,0
464461,0
245817,0
245041,0
190382,0
244744,0
191978,0
187958,0
235308,0
225354,0
242777,0
202312,0
240138,0
203446,0
247612,0
232217,0
243387,0
256189,0
455862,0
186505,0
189754,0
230918,0
251933,0
248945,0
219602,0
182855,0
194925,0
232575,0
244596,0
459829,0
465436,0
213298,0
224424,0
207215,0
225752,0
455391,0
236668,0
187292,0
199945,0
456446,0
215737,0
242119,0
184822,0
217699,0
233463,0
460434,0
230802,0
195818,0
193959,0
192003,0
249354,0
191832,0
237986,0
256928,0
250342,0
220489,0
228026,0
251235,0
219922,0
230810,0
219031,0
220018,0
187391,0
208372,0
216834,0
217119,0
248058,0
254546,0
200231,0
242733,0
212135,0
200187,0
228194,0
198923,0
239603,0
205052,0
231877,0
241154,0
228908,0
249772,0
243473,0
257580,0
225873,0
239157,0
257337,0
227107,0
198299,0
203578,0
464339,0
195646,0
251914,0
224547,0
242336,0
254779,0
189128,0
213164,0
183850,0
249740,0
244457,0
462596,0
190172,0
228768,0
458747,0
184915,0
221351,0
238908,0
190878,0
463133,0
229009,0
190007,0
200248,0
227006,0
457557,0
224376,0
189753,0
246804,0
183773,0
183952,0
250495,0
200987,0
199643,0
216594,0
209335,0
254078,0
216559,0
231562,0
217213,0
240897,0
199112,0
254503,0
228703,0
226005,0
456759,0
186243,0
187719,0
196738,0
236916,0
190540,0
240368,0
245947,0
246241,0
256579,0
212330,0
225087,0
249416,0
249515,0
238893,0
230562,0
244035,0
219814,0
462524,0
218279,0
192036,0
223199,0
202421,0
231981,0
230431,0
231931,0
238260,0
184929,0
463391,0
230869,0
462176,0
256247,0
458341,0
242141,0
225746,0
455510,0
257071,0
216376,0
213928,0
464145,0
202466,0
465965,0
246239,0
227362,0
455283,0
243914,0
204415,0
185739,0
185886,0
222711,0
223145,0
254998,0
257274,0
188085,0
198988,0
204078,0
201157,0
185663,0
205276,0
466036,0
217499,0
228487,0
223724,0
226424,0
217188,0
199771,0
458430,0
219298,0
197111,0
224673,0
462930,0
200428,0
234772,0
256430,0
464249,0
188292,0
201282,0
251338,0
201154,0
234268,0
249261,0
214457,0
203037,0
199359,0
459632,0
202966,0
237458,0
210967,0
233963,0
208329,0
198136,0
188039,0
222023,0
198820,0
243478,0
251463,0
190938,0
201593,0
461917,0
257198,0
252250,0
462800,0
233651,0
216321,0
192977,0
191097,0
201745,0
456009,0
214349,0
208128,0
466215,0
235735,0
221769,0
459246,0
244440,0
239216,0
461531,0
465209,0
230102,0
463322,0
458824,0
242780,0
197138,0
220511,0
209864,0
234788,0
465337,0
241013,0
244311,0
454922,0
219054,0
209754,0
207323,0
191526,0
203836,0
463120,0
230689,0
244928,0
203145,0
183147,0
203535,0
252356,0
221557,0
234208,0
217371,0
251105,0
232632,0
249410,0
188656,0
217410,0
193215,0
232488,0
252552,0
234451,0
216479,0
257794,0
213121,0
463161,0
249221,0
455089,0
207619,0
215731,0
203105,0
220809,0
198064,0
190268,0
243630,0
244950,0
456969,0
252437,0
194982,0
183177,0
212301,0
456957,0
209450,0
255900,0
201472,0
246094,0
248540,0
225778,0
193757,0
190995,0
220684,0
236972,0
225326,0
234828,0
243515,0
190781,0
198411,0
457353,0
221977,0
461384,0
206782,0
235142,0
230935,0
183949,0
222167,0
202565,0
227918,0
185299,0
219798,0
204467,0
188842,0
221696,0
189094,0
193849,0
461489,0
460657,0
226772,0
464480,0
203779,0
464090,0
232041,0
186506,0
187667,0
185715,0
210452,0
460337,0
227204,0
463234,0
235760,0
186438,0
457500,0
200886,0
218270,0
208986,0
221794,0
216945,0
217333,0
461622,0
228025,0
204072,0
204781,0
217746,0
462484,0
205301,0
254983,0
248636,0
238828,0
240939,0
247983,0
233955,0
466091,0
460275,0
232204,0
238666,0
206037,0
184661,0
206927,0
215052,0
190811,0
228422,0
191436,0
200365,0
461668,0
463122,0
196878,0
207322,0
185606,0
230621,0
247724,0
243502,0
192203,0
197090,0
208083,0
461614,0
201687,0
212273,0
251860,0
249769,0
223664,0
232483,0
257059,0
244739,0
231600,0
228564,0
458832,0
237434,0
250787,0
207733,0
249247,0
230895,0
198943,0
200696,0
243138,0
458056,0
254818,0
456994,0
193153,0
465218,0
219984,0
205588,0
254683,0
233265,0
233741,0
222262,0
460230,0
243659,0
463625,0
251841,0
213511,0
228250,0
454859,0
227774,0
238730,0
458837,0
221394,0
184702,0
212071,0
193855,0
206426,0
227364,0
195999,0
196553,0
215307,0
237761,0
254041,0
237865,0
236011,0
224308,0
198020,0
225757,0
234495,0
231700,0
458774,0
455130,0
247267,0
224497,0
192992,0
206488,0
191409,0
257528,0
187863,0
185093,0
234152,0
255191,0
257024,0
221190,0
194685,0
245796,0
211742,0
221757,0
245735,0
230638,0
214255,0
244151,0
192081,0
228921,0
199421,0
199910,0
458022,0
461924,0
228174,0
233169,0
463862,0
228143,0
194290,0
242892,0
455870,0
254585,0
216547,0
245276,0
220827,0
212650,0
224169,0
187716,0
240901,0
460939,0
212351,0
198237,0
185227,0
243099,0
183837,0
212309,0
251201,0
229385,0
205368,0
189330,0
248288,0
256282,0
241722,0
251675,0
466137,0
240105,0
460675,0
456148,0
199953,0
212974,0
222498,0
247622,0
218276,0
465843,0
183005,0
203865,0
239544,0
189117,0
219655,0
238416,0
234681,0
218297,0
245006,0
193261,0
236322,0
464169,0
226931,0
464778,0
226951,0
218171,0
193332,0
187379,0
214245,0
202242,0
243737,0
229875,0
244005,0
255724,0
227280,0
185608,0
201647,0
199141,0
245149,0
202405,0
218629,0
228339,0
225176,0
189799,0
217965,0
210677,0
191592,0
201006,0
230695,0
243677,0
254560,0
205509,0
465289,0
238679,0
255843,0
255392,0
238640,0
184250,0
200955,0
248776,0
185898,0
248127,0
214072,0
253472,0
456573,0
201513,0
255193,0
195948,0
249252,0
196702,0
198073,0
213598,0
244071,0
183557,0
198137,0
221007,0
255084,0
222646,0
457652,0
239339,0
201744,0
237055,0
257168,0
236725,0
212568,0
242969,0
188363,0
239844,0
223014,0
223114,0
456342,0
464235,0
207416,0
212420,0
250965,0
202541,0
186661,0
190514,0
217517,0
236625,0
461281,0
455551,0
464322,0
213708,0
235666,0
211928,0
238193,0
207413,0
236749,0
195710,0
459727,0
255856,0
460726,0
199922,0
457432,0
222236,0
191073,0
228262,0
208272,0
184327,0
183152,0
231184,0
211565,0
253051,0
248663,0
257786,0
219254,0
232429,0
198380,0
183570,0
228610,0
229240,0
226500,0
460892,0
461988,0
215902,0
248399,0
216653,0
234946,0
185029,0
456293,0
230997,0
210690,0
458335,0
187591,0
201492,0
203070,0
232206,0
220071,0
228950,0
202122,0
227608,0
214430,0
216605,0
189236,0
457607,0
201659,0
229767,0
186178,0
238891,0
199347,0
231699,0
219141,0
462647,0
463465,0
252003,0
224310,0
215296,0
206601,0
246781,0
202047,0
239890,0
187301,0
186660,0
257279,0
215614,0
463973,0
202955,0
257349,0
255302,0
190671,0
239763,0
461391,0
228321,0
196319,0
458575,0
465686,0
246877,0
225379,0
233008,0
237616,0
188709,0
219654,0
253432,0
457083,0
459449,0
462393,0
231661,0
254424,0
249668,0
247304,0
241267,0
193184,0
237539,0
215607,0
243007,0
254471,0
240937,0
243958,0
226882,0
242487,0
217573,0
196684,0
239206,0
211969,0
187798,0
465872,0
191852,0
195035,0
210971,0
257102,0
242444,0
215985,0
197380,0
235538,0
246720,0
219392,0
231633,0
234836,0
237042,0
464259,0
257153,0
250663,0
209772,0
221733,0
217008,0
239188,0
460228,0
199300,0
256734,0
239561,0
207929,0
255617,0
255194,0
459380,0
238587,0
203669,0
226602,0
200622,0
459194,0
210085,0
202977,0
183048,0
237483,0
200009,0
245409,0
247956,0
248551,0
207171,0
218302,0
232372,0
458351,0
237958,0
221879,0
253228,0
214060,0
221916,0
205403,0
466187,0
193496,0
205554,0
208785,0
255857,0
249047,0
188707,0
458586,0
223784,0
200244,0
184474,0
215700,0
237751,0
209888,0
197734,0
254130,0
247396,0
461878,0
190235,0
203023,0
457972,0
248646,0
256482,0
459095,0
208066,0
250189,0
188744,0
221107,0
244623,0
244243,0
186393,0
459701,0
186081,0
462108,0
186203,0
253652,0
257068,0
212329,0
193810,0
211983,0
212825,0
184209,0
195359,0
200621,0
462867,0
221925,0
226829,0
224666,0
221792,0
463846,0
218306,0
249212,0
241329,0
246411,0
245788,0
195885,0
461068,0
243892,0
230808,0
226530,0
214706,0
253555,0
206558,0
208008,0
238772,0
196781,0
233882,0
459627,0
227938,0
214302,0
199299,0
464648,0
239944,0
228022,0
251668,0
243588,0
200433,0
229111,0
248198,0
216108,0
227773,0
241414,0
455420,0
200717,0
256984,0
464473,0
235527,0
243718,0
206453,0
184350,0
455383,0
456904,0
243799,0
240660,0
194078,0
249848,0
231749,0
205668,0
218693,0
208253,0
236502,0
219620,0
184095,0
225959,0
196201,0
459079,0
458130,0
230497,0
238169,0
250413,0
184655,0
187681,0
217437,0
197769,0
240595,0
244215,0
230752,0
225399,0
215636,0
191567,0
458095,0
183971,0
219941,0
254039,0
463738,0
200800,0
461583,0
246431,0
244132,0
233202,0
203619,0
253363,0
238531,0
196234,0
207147,0
186835,0
218972,0
192557,0
244018,0
197944,0
200765,0
197413,0
231738,0
253333,0
219407,0
232210,0
255666,0
195031,0
250446,0
244813,0
244852,0
195282,0
193274,0
249190,0
202663,0
225881,0
190697,0
202045,0
230370,0
211212,0
459809,0
216065,0
460056,0
227072,0
234158,0
208186,0
233253,0
240291,0
201198,0
256153,0
463944,0
208286,0
213093,0
214100,0
188283,0
204621,0
194106,0
239507,0
231217,0
235484,0
200944,0
184880,0
218574,0
221648,0
254938,0
461386,0
460840,0
225805,0
236362,0
224649,0
244687,0
252388,0
254689,0
245110,0
215350,0
208645,0
191589,0
249254,0
457959,0
213628,0
255853,0
248068,0
226108,0
183146,0
203278,0
187713,0
238874,0
238670,0
242044,0
463490,0
210828,0
458930,0
254085,0
221440,0
184211,0
220390,0
461662,0
199273,0
249797,0
194560,0
237830,0
229922,0
218670,0
229574,0
210055,0
195588,0
187746,0
221690,0
234489,0
206078,0
240617,0
184758,0
186446,0
234113,0
182777,0
226664,0
192690,0
218873,0
191315,0
242474,0
232847,0
208086,0
254833,0
184490,0
190044,0
188499,0
192249,0
463685,0
215125,0
204785,0
456961,0
243094,0
240225,0
464008,0
209840,0
218940,0
241258,0
205511,0
247572,0
241647,0
252285,0
456021,0
232520,0
224643,0
210109,0
200004,0
235578,0
243684,0
217664,0
207275,0
204179,0
248977,0
201964,0
225136,0
227208,0
251490,0
199776,0
230845,0
463577,0
186925,0
229940,0
214398,0
238620,0
191100,0
456438,0
237199,0
215560,0
240701,0
223185,0
244207,0
244719,0
191157,0
218750,0
193037,0
231281,0
252148,0
214096,0
222400,0
251856,0
218346,0
456522,0
208717,0
240304,0
220930,0
206941,0
233264,0
241023,0
204462,0
197666,0
226096,0
460989,0
231393,0
215549,0
455583,0
206869,0
206734,0
232697,0
237522,0
188276,0
195716,0
232395,0
214410,0
217169,0
195165,0
460488,0
246448,0
208990,0
465349,0
239448,0
223754,0
205061,0
465246,0
464139,0
460276,0
252038,0
455769,0
242470,0
198675,0
193239,0
228349,0
235594,0
211772,0
189037,0
184319,0
201971,0
188699,0
458810,0
240576,0
194572,0
455982,0
228151,0
463132,0
195118,0
209569,0
204356,0
223965,0
210491,0
202065,0
213624,0
197569,0
199198,0
202125,0
238355,0
218403,0
224443,0
208874,0
456722,0
202319,0
461650,0
454756,0
186458,0
229864,0
187122,0
246647,0
190478,0
200845,0
198030,0
244301,0
464411,0
219113,0
194769,0
203860,0
206762,0
183923,0
194110,0
250757,0
247670,0
465099,0
216329,0
455745,0
459311,0
192534,0
218326,0
457123,0
214355,0
221632,0
206009,0
185617,0
196327,0
456589,0
251805,0
222967,0
204833,0
228299,0
234391,0
255112,0
200598,0
237258,0
217130,0
456274,0
196148,0
455084,0
218118,0
226032,0
253923,0
211343,0
202795,0
232507,0
190672,0
217837,0
191397,0
457696,0
241053,0
253663,0
245825,0
246926,0
211030,0
232695,0
185907,0
235556,0
190858,0
210900,0
187624,0
459279,0
244647,0
251683,0
460717,0
201368,0
199188,0
218472,0
183714,0
189523,0
183418,0
250052,0
241214,0
199280,0
196000,0
226121,0
231773,0
218823,0
225678,0
253598,0
194214,0
462157,0
465548,0
460746,0
463785,0
183629,0
185306,0
463836,0
233411,0
187937,0
196652,0
234299,0
197158,0
209283,0
231163,0
253053,0
202715,0
246549,0
250033,0
212924,0
206193,0
234293,0
198503,0
205595,0
200517,0
226155,0
459021,0
250101,0
236192,0
214621,0
204135,0
249609,0
464949,0
189335,0
188940,0
186320,0
206975,0
255337,0
218572,0
224500,0
202924,0
239338,0
230063,0
217332,0
211764,0
246502,0
204262,0
256517,0
206209,0
191372,0
189258,0
217618,0
213297,0
455033,0
228571,0
460661,0
207164,0
223011,0
223991,0
465836,0
216809,0
460121,0
234159,0
207847,0
197791,0
234756,0
239655,0
191747,0
218867,0
206517,0
216356,0
195720,0
228548,0
459231,0
255032,0
208867,0
235494,0
241745,0
456130,0
221339,0
231031,0
194858,0
198111,0
183336,0
244146,0
195499,0
456351,0
237239,0
227021,0
185072,0
253200,0
202560,0
254996,0
235825,0
217176,0
222755,0
188273,0
246050,0
182877,0
216205,0
458875,0
194813,0
240919,0
462957,0
464514,0
206695,0
240640,0
215398,0
458779,0
248248,0
223815,0
232918,0
244191,0
251450,0
241463,0
188086,0
233219,0
224958,0
184645,0
207108,0
464175,0
221206,0
198710,0
251977,0
212940,0
459757,0
189334,0
457851,0
216845,0
236611,0
236008,0
192193,0
241753,0
256096,0
183599,0
221187,0
184940,0
248349,0
217598,0
230811,0
215765,0
208725,0
206476,0
239720,0
243676,0
238256,0
255260,0
197223,0
222844,0
463211,0
249847,0
213057,0
459366,0
190750,0
456970,0
246258,0
212243,0
234294,0
234217,0
212143,0
464677,0
247519,0
184642,0
195228,0
233476,0
214865,0
199525,0
232761,0
238039,0
234067,0
209608,0
197778,0
457892,0
218377,0
195000,0
200058,0
229360,0
187514,0
234357,0
254788,0
237589,0
253298,0
228832,0
227736,0
455245,0
253957,0
246162,0
213259,0
465063,0
193900,0
207556,0
254375,0
235354,0
249750,0
216985,0
458461,0
200185,0
187964,0
460576,0
183493,0
205804,0
213567,0
230870,0
256945,0
256300,0
230202,0
253288,0
188511,0
242084,0
198293,0
219871,0
210398,0
225022,0
235325,0
202586,0
195086,0
201521,0
231207,0
204816,0
238600,0
239905,0
245717,0
189666,0
240173,0
215725,0
256288,0
207100,0
208632,0
458288,0
184162,0
197802,0
217393,0
190286,0
197573,0
195063,0
249154,0
242160,0
208412,0
190111,0
185257,0
248895,0
200615,0
246941,0
214128,0
193722,0
188305,0
464080,0
220149,0
211907,0
213312,0
210652,0
218503,0
235064,0
221342,0
200399,0
195058,0
204930,0
224471,0
210083,0
252361,0
210156,0
230978,0
238638,0
235342,0
244711,0
459213,0
190088,0
240262,0
249688,0
194296,0
238847,0
236787,0
456913,0
458485,0
209670,0
457772,0
239846,0
205357,0
208892,0
215795,0
222638,0
234126,0
207245,0
230306,0
235318,0
225057,0
192063,0
456385,0
237384,0
460301,0
218961,0
211962,0
455146,0
243064,0
188539,0
242765,0
229474,0
212908,0
187565,0
252379,0
237152,0
206451,0
210081,0
192155,0
249396,0
257536,0
236584,0
251789,0
215851,0
239377,0
207571,0
234117,0
210318,0
233751,0
221642,0
208641,0
229140,0
188827,0
212863,0
241775,0
229837,0
184942,0
235214,0
249443,0
204286,0
245648,0
222661,0
220126,0
246953,0
200407,0
193610,0
191150,0
256483,0
212810,0
256683,0
194785,0
256276,0
223600,0
250258,0
240804,0
461031,0
229282,0
204895,0
200537,0
465660,0
213375,0
195435,0
205272,0
245197,0
236571,0
458415,0
242129,0
217819,0
184089,0
230065,0
211337,0
228053,0
229386,0
253575,0
460701,0
243196,0
456267,0
461067,0
193848,0
462114,0
463871,0
212463,0
219611,0
196926,0
211507,0
187425,0
186027,0
241977,0
216243,0
460950,0
204793,0
221773,0
246263,0
204324,0
245593,0
459816,0
200242,0
208571,0
201378,0
237912,0
249771,0
210292,0
249155,0
201863,0
196689,0
224215,0
226830,0
244420,0
455801,0
203081,0
256918,0
244720,0
185358,0
463809,0
253819,0
253591,0
249815,0
215598,0
218378,0
257309,0
457321,0
240146,0
243376,0
235074,0
255908,0
196739,0
252261,0
254390,0
216580,0
216738,0
193758,0
237242,0
238614,0
236990,0
239380,0
214766,0
215984,0
246407,0
465427,0
230580,0
191482,0
223976,0
218737,0
236975,0
225906,0
186425,0
188762,0
214161,0
195642,0
239445,0
193671,0
242656,0
221058,0
219110,0
207860,0
225814,0
254226,0
252446,0
211350,0
248427,0
217084,0
250504,0
236017,0
205109,0
182863,0
191793,0
209884,0
188781,0
192162,0
243762,0
237432,0
231473,0
187652,0
184308,0
191829,0
203906,0
235754,0
197700,0
235637,0
245936,0
209141,0
255789,0
214756,0
188222,0
247410,0
454865,0
230079,0
252170,0
208136,0
253160,0
246725,0
234724,0
237637,0
186140,0
228592,0
463778,0
190077,0
217538,0
187701,0
237955,0
183105,0
235454,0
213936,0
457540,0
226270,0
229590,0
200122,0
255258,0
208672,0
189048,0
231955,0
460378,0
226790,0
201952,0
464166,0
208826,0
250109,0
233912,0
213486,0
209634,0
194564,0
458931,0
196585,0
231197,0
227307,0
215049,0
232454,0
459283,0
218600,0
464961,0
206890,0
252402,0
199781,0
197363,0
461929,0
215585,0
197518,0
456421,0
224108,0
185967,0
200278,0
236317,0
232611,0
257018,0
237105,0
465716,0
214211,0
252771,0
193306,0
198984,0
457515,0
247711,0
183046,0
223654,0
204627,0
203510,0
188631,0
216430,0
223106,0
245790,0
211224,0
211391,0
216652,0
203677,0
455542,0
235198,0
223947,0
238322,0
184719,0
454856,0
232518,0
209755,0
221494,0
238305,0
455588,0
200927,0
458189,0
457234,0
195921,0
226795,0
185740,0
227999,0
199498,0
228319,0
252327,0
195592,0
185899,0
217245,0
465873,0
246675,0
186154,0
242050,0
245620,0
231108,0
220546,0
247551,0
191301,0
460073,0
186913,0
217453,0
224286,0
187848,0
211895,0
230573,0
205234,0
250892,0
240167,0
233881,0
229614,0
223997,0
194112,0
456339,0
192195,0
222628,0
464657,0
240297,0
250051,0
201819,0
248883,0
460910,0
235566,0
238441,0
222069,0
203709,0
232773,0
195562,0
196041,0
243708,0
224016,0
257148,0
217900,0
220476,0
183584,0
253199,0
458679,0
462237,0
212859,0
248281,0
191924,0
190203,0
211198,0
228769,0
228605,0
461294,0
243862,0
187123,0
210806,0
203200,0
249509,0
218666,0
189709,0
224886,0
183885,0
257315,0
214750,0
203439,0
204673,0
465817,0
196133,0
458769,0
211984,0
209850,0
228553,0
459462,0
189576,0
457004,0
241998,0
254451,0
255635,0
196999,0
195432,0
221402,0
462871,0
196495,0
236838,0
191427,0
209168,0
187822,0
464929,0
184395,0
195410,0
460089,0
213968,0
217183,0
183342,0
256362,0
223802,0
456649,0
231137,0
227019,0
458423,0
257581,0
462900,0
226891,0
245526,0
186733,0
256660,0
463519,0
195409,0
227445,0
246113,0
187107,0
201548,0
237011,0
212740,0
196241,0
239159,0
230126,0
257044,0
239435,0
458756,0
461033,0
459948,0
238795,0
459140,0
204752,0
223231,0
222880,0
457131,0
230525,0
457899,0
184948,0
211203,0
186696,0
233270,0
254845,0
226113,0
203524,0
204839,0
197288,0
188648,0
225848,0
203476,0
223826,0
196992,0
205353,0
257538,0
222342,0
241541,0
234571,0
231343,0
191471,0
229355,0
228868,0
184202,0
236926,0
237495,0
192765,0
220661,0
255932,0
217927,0
183905,0
219267,0
194265,0
195665,0
459596,0
240608,0
194021,0
192672,0
206799,0
186181,0
208667,0
253119,0
251028,0
216061,0
463242,0
460541,0
207151,0
253377,0
217805,0
251670,0
213039,0
225046,0
458192,0
234196,0
185969,0
196514,0
195389,0
211588,0
192259,0
189121,0
250253,0
191087,0
246424,0
463532,0
240285,0
251884,0
254695,0
194918,0
182939,0
463265,0
206576,0
199710,0
240675,0
235123,0
225513,0
182950,0
231790,0
245554,0
238398,0
212578,0
246619,0
228234,0
254665,0
208817,0
223092,0
250220,0
226057,0
184457,0
227026,0
188853,0
245749,0
465983,0
456119,0
252870,0
458016,0
201031,0
193218,0
184998,0
455357,0
226235,0
189752,0
226998,0
228320,0
242291,0
201075,0
253015,0
250676,0
458116,0
206185,0
187703,0
463568,0
221999,0
232684,0
218904,0
230384,0
238721,0
458107,0
195790,0
460319,0
216071,0
210178,0
226277,0
253680,0
231750,0
201108,0
455433,0
213006,0
232105,0
253670,0
220970,0
230757,0
206587,0
454700,0
256565,0
185778,0
457058,0
249632,0
214747,0
184816,0
209679,0
238481,0
206357,0
195967,0
229252,0
460468,0
192425,0
184269,0
257893,0
466002,0
221243,0
458672,0
224573,0
191539,0
211753,0
213719,0
248106,0
196554,0
234758,0
252690,0
194012,0
455974,0
461629,0
226691,0
211461,0
455839,0
212102,0
222085,0
199065,0
224514,0
460954,0
251058,0
239994,0
456025,0
219337,0
204234,0
212735,0
248245,0
246228,0
206100,0
257730,0
196367,0
189444,0
247352,0
206781,0
191692,0
212230,0
196935,0
182912,0
243864,0
240198,0
235741,0
458642,0
209005,0
194138,0
246508,0
238331,0
237579,0
204117,0
254639,0
222304,0
250055,0
243751,0
229603,0
220496,0
459278,0
249311,0
189843,0
234179,0
227287,0
185877,0
191809,0
202564,0
232411,0
214542,0
206277,0
200865,0
223006,0
183201,0
234982,0
203032,0
459234,0
221503,0
192087,0
243838,0
255440,0
465485,0
246688,0
251187,0
225090,0
199203,0
254964,0
207444,0
199055,0
459172,0
242613,0
227834,0
209437,0
186205,0
461010,0
230204,0
201167,0
192507,0
192007,0
187966,0
183116,0
242213,0
242773,0
456161,0
218659,0
457419,0
461612,0
244631,0
228958,0
235333,0
243572,0
234964,0
244583,0
250330,0
460780,0
204592,0
209678,0
202919,0
243158,0
222319,0
188924,0
246588,0
222261,0
243021,0
235312,0
200043,0
223342,0
207457,0
214453,0
244993,0
243494,0
199780,0
227327,0
215282,0
194845,0
184890,0
230833,0
248357,0
238476,0
242218,0
243883,0
233174,0
466225,0
229063,0
188079,0
225262,0
216124,0
252372,0
235253,0
236699,0
218153,0
197997,0
215437,0
219529,0
464296,0
218532,0
249704,0
465178,0
224339,0
462131,0
461582,0
199291,0
206131,0
255426,0
201769,0
209848,0
466293,0
245317,0
462915,0
188415,0
216623,0
186206,0
461389,0
190565,0
207759,0
253110,0
249679,0
184832,0
189931,0
220723,0
254165,0
190893,0
459860,0
241270,0
206872,0
464631,0
458730,0
464680,0
251038,0
216823,0
228805,0
455133,0
232133,0
222416,0
248307,0
213894,0
457815,0
252462,0
244487,0
192134,0
256335,0
201986,0
459135,0
222408,0
221586,0
211326,0
257176,0
235424,0
225828,0
227969,0
187393,0
210221,0
217979,0
193583,0
197142,0
219387,0
238605,0
227270,0
191915,0
255722,0
241136,0
252835,0
186228,0
227869,0
232959,0
249031,0
185657,0
242003,0
218645,0
466189,0
237470,0
209712,0
208474,0
187265,0
458282,0
193080,0
251928,0
246207,0
231067,0
456454,0
224548,0
244858,0
200342,0
224200,0
250695,0
241855,0
198833,0
221143,0
192707,0
250056,0
246100,0
249795,0
239324,0
209573,0
456965,0
226055,0
455796,0
184412,0
229012,0
455881,0
226128,0
195287,0
197257,0
249325,0
248943,0
208544,0
192402,0
248300,0
194361,0
223723,0
200773,0
239187,0
194994,0
460813,0
202252,0
218358,0
213803,0
231742,0
256989,0
253130,0
208580,0
187772,0
228653,0
207770,0
257858,0
241789,0
222677,0
466201,0
199458,0
188460,0
209377,0
234973,0
250799,0
462624,0
196449,0
200597,0
228831,0
238927,0
242631,0
210993,0
227155,0
464427,0
184455,0
250600,0
212345,0
238590,0
246793,0
220965,0
465640,0
463767,0
186561,0
231961,0
463505,0
230435,0
198243,0
185498,0
455512,0
191816,0
239276,0
460046,0
234135,0
458619,0
204858,0
213416,0
218340,0
208407,0
227241,0
254594,0
192163,0
237820,0
208673,0
201153,0
203361,0
460068,0
207374,0
256936,0
252125,0
243331,0
215102,0
189630,0
254312,0
201238,0
228440,0
191243,0
216714,0
256653,0
241842,0
253336,0
185712,0
196436,0
224182,0
251351,0
211061,0
219547,0
220918,0
243992,0
201318,0
460693,0
190011,0
232253,0
204840,0
233181,0
195044,0
230084,0
461442,0
231173,0
231781,0
227968,0
458587,0
195419,0
253908,0
458403,0
190480,0
230860,0
242493,0
207301,0
203752,0
230419,0
247727,0
253077,0
232168,0
246528,0
248667,0
217628,0
210890,0
251023,0
248269,0
208331,0
207885,0
217317,0
254229,0
183497,0
464293,0
185770,0
190800,0
224940,0
227040,0
235096,0
215306,0
244459,0
456150,0
456737,0
229811,0
200881,0
256724,0
189716,0
256535,0
465502,0
458652,0
214721,0
222443,0
232407,0
230255,0
196676,0
228968,0
235631,0
199665,0
232693,0
242728,0
234221,0
239241,0
234359,0
195893,0
194672,0
194741,0
185976,0
232012,0
252713,0
458503,0
192528,0
214115,0
226660,0
459639,0
457475,0
221259,0
223476,0
461463,0
195683,0
218066,0
207701,0
235374,0
198340,0
194204,0
185752,0
222404,0
186362,0
253580,0
457845,0
197743,0
236781,0
192115,0
190747,0
221958,0
189098,0
254929,0
230502,0
251062,0
187024,0
199281,0
255014,0
466172,0
202566,0
219523,0
230642,0
209472,0
191889,0
214595,0
257541,0
203368,0
200115,0
183778,0
465815,0
456006,0
252560,0
195059,0
190537,0
250788,0
204028,0
195794,0
216400,0
238061,0
460066,0
234209,0
225952,0
463948,0
238004,0
455812,0
252377,0
217379,0
461488,0
193049,0
243261,0
192366,0
461435,0
222285,0
195100,0
198086,0
226630,0
227701,0
224468,0
212174,0
211945,0
239125,0
222949,0
459351,0
203122,0
189195,0
255758,0
245454,0
462015,0
247203,0
246464,0
202019,0
255257,0
232568,0
211858,0
206754,0
206868,0
230699,0
207464,0
202174,0
183157,0
234969,0
249098,0
461179,0
243330,0
464681,0
229354,0
221089,0
220957,0
246375,0
220715,0
242183,0
253769,0
230470,0
462909,0
216104,0
186173,0
246641,0
218926,0
194511,0
210713,0
198123,0
246653,0
252122,0
190389,0
226632,0
227104,0
247837,0
233111,0
255880,0
232348,0
190580,0
193882,0
190490,0
196698,0
184565,0
217690,0
240898,0
222563,0
250738,0
192685,0
195289,0
461624,0
251059,0
225675,0
201159,0
239842,0
227934,0
227592,0
192737,0
245755,0
190677,0
205443,0
252814,0
251013,0
211475,0
199571,0
460912,0
215391,0
219247,0
244428,0
238291,0
237431,0
195943,0
465384,0
202211,0
243451,0
216009,0
238823,0
209315,0
215940,0
196524,0
193791,0
207522,0
221838,0
208368,0
256074,0
256064,0
203384,0
244034,0
200611,0
199059,0
186055,0
249690,0
224941,0
201813,0
183487,0
253835,0
190020,0
229896,0
246495,0
217085,0
231263,0
192218,0
200109,0
191525,0
228388,0
463592,0
235031,0
191333,0
218504,0
213525,0
215467,0
465222,0
219867,0
185753,0
257599,0
202281,0
253727,0
255115,0
238926,0
251294,0
250778,0
192217,0
221110,0
204046,0
247365,0
227472,0
200687,0
236265,0
212728,0
229440,0
224828,0
465529,0
194720,0
461118,0
247842,0
243370,0
464415,0
225004,0
185879,0
462264,0
230950,0
212911,0
196581,0
243163,0
227170,0
190182,0
185506,0
215404,0
195839,0
213017,0
213566,0
188776,0
455525,0
457985,0
221644,0
235613,0
459299,0
190735,0
241028,0
204485,0
257017,0
231630,0
253827,0
465354,0
254742,0
246864,0
230825,0
209899,0
193278,0
201459,0
461434,0
462053,0
209317,0
251215,0
201127,0
223148,0
217032,0
230015,0
222781,0
230267,0
232421,0
465008,0
195733,0
227971,0
238454,0
458365,0
252706,0
195050,0
465636,0
241861,0
204792,0
237924,0
246399,0
250546,0
190837,0
235277,0
234362,0
210796,0
196398,0
207350,0
246488,0
220941,0
463314,0
465097,0
455090,0
235548,0
207300,0
186485,0
460229,0
202003,0
242926,0
220979,0
188243,0
198434,0
183998,0
241706,0
192644,0
205841,0
242152,0
243304,0
216736,0
222602,0
250729,0
232627,0
237631,0
248701,0
235744,0
212982,0
461018,0
229186,0
242090,0
203854,0
248670,0
460937,0
219991,0
462270,0
207051,0
235605,0
239122,0
463455,0
465474,0
195789,0
459302,0
465899,0
214851,0
216577,0
215147,0
236058,0
215228,0
250657,0
257259,0
240941,0
185351,0
189839,0
257835,0
250017,0
186461,0
184208,0
248356,0
229305,0
224441,0
217978,0
463572,0
221694,0
221514,0
247729,0
238468,0
465046,0
216266,0
217792,0
253672,0
228170,0
196908,0
220033,0
192995,0
465432,0
256262,0
250893,0
198006,0
213448,0
247019,0
243589,0
243353,0
238870,0
215593,0
232430,0
234055,0
204156,0
196560,0
246897,0
192386,0
200760,0
456645,0
210684,0
227746,0
188838,0
461416,0
188193,0
455492,0
192043,0
235887,0
186034,0
213751,0
250814,0
241733,0
199236,0
218012,0
189648,0
193532,0
246011,0
233821,0
243449,0
213478,0
240474,0
224638,0
194622,0
233884,0
192605,0
189528,0
244353,0
223254,0
197750,0
190978,0
250622,0
245448,0
185278,0
187189,0
457048,0
208543,0
195266,0
182826,0
188274,0
202711,0
212705,0
205821,0
191166,0
186945,0
454749,0
455727,0
256217,0
219835,0
190266,0
185929,0
255991,0
222808,0
256573,0
205487,0
232877,0
228216,0
182884,0
217633,0
257346,0
188045,0
234621,0
193204,0
457445,0
189313,0
202561,0
210608,0
204648,0
201608,0
207295,0
461451,0
220417,0
200270,0
203470,0
188518,0
201370,0
460387,0
239616,0
196566,0
188330,0
190927,0
218160,0
458230,0
255072,0
236591,0
459411,0
186427,0
184901,0
189150,0
249186,0
189579,0
250298,0
204478,0
208963,0
222102,0
229460,0
232495,0
238478,0
205001,0
216385,0
234638,0
218980,0
254889,0
203340,0
185319,0
235617,0
186418,0
230251,0
254605,0
457339,0
187369,0
186935,0
219601,0
224253,0
221630,0
232998,0
227802,0
212474,0
236974,0
256953,0
202996,0
250864,0
193919,0
455141,0
204295,0
461238,0
204746,0
190595,0
459904,0
205738,0
226474,0
236818,0
188720,0
456863,0
225377,0
185597,0
197563,0
456019,0
463751,0
201454,0
217256,0
214362,0
466138,0
464969,0
193129,0
455835,0
229521,0
222881,0
242449,0
201872,0
187051,0
192592,0
222318,0
201676,0
195486,0
240933,0
458662,0
239872,0
230568,0
188745,0
459671,0
189224,0
182849,0
251439,0
459942,0
189183,0
206567,0
184760,0
184031,0
250873,0
238244,0
200026,0
232954,0
231059,0
209021,0
255053,0
213331,0
224520,0
191462,0
183212,0
457778,0
241724,0
227711,0
206968,0
211531,0
219940,0
229364,0
234142,0
206588,0
246328,0
466318,0
183781,0
455304,0
216354,0
236492,0
190990,0
196415,0
188331,0
235395,0
247651,0
466073,0
189857,0
250658,0
219745,0
185438,0
221065,0
241573,0
216635,0
187083,0
225923,0
189096,0
221159,0
199253,0
255309,0
185328,0
205017,0
235675,0
238099,0
233723,0
456731,0
216159,0
228274,0
190173,0
224533,0
465943,0
225864,0
207012,0
459800,0
233781,0
240469,0
237771,0
228079,0
193645,0
242327,0
192202,0
224905,0
204060,0
456888,0
455323,0
248709,0
225602,0
182813,0
230378,0
199890,0
253701,0
224522,0
243266,0
257052,0
238916,0
211872,0
249940,0
205857,0
211808,0
245399,0
198634,0
465184,0
228839,0
190796,0
242736,0
222041,0
202267,0
216879,0
213916,0
199737,0
233361,0
194949,0
253490,0
218640,0
239588,0
206940,0
205549,0
183828,0
222463,0
230923,0
248599,0
462194,0
209187,0
208144,0
250029,0
458664,0
214765,0
196899,0
244435,0
461946,0
209861,0
247071,0
459317,0
252197,0
232094,0
189133,0
189936,0
254724,0
234086,0
185596,0
190900,0
465774,0
460496,0
215503,0
217507,0
228164,0
235033,0
205027,0
241375,0
182770,0
251867,0
191179,0
220740,0
454979,0
455676,0
241874,0
461836,0
463760,0
218971,0
186093,0
462353,0
246079,0
223065,0
466310,0
253418,0
205191,0
455361,0
234424,0
214440,0
221271,0
232870,0
216280,0
218859,0
186047,0
192458,0
205250,0
229275,0
200859,0
212252,0
204442,0
462590,0
459580,0
204230,0
206590,0
461933,0
252461,0
246428,0
187985,0
246395,0
207836,0
232120,0
195611,0
243934,0
236307,0
249521,0
198669,0
202530,0
189529,0
247659,0
245670,0
215214,0
197955,0
188157,0
237121,0
249937,0
250754,0
459994,0
456906,0
464790,0
214002,0
212354,0
217425,0
189081,0
251350,0
243169,0
464456,0
464624,0
456909,0
209327,0
189550,0
456501,0
186490,0
232199,0
221653,0
229086,0
196561,0
195957,0
464173,0
242522,0
235413,0
224549,0
185629,0
249446,0
210922,0
186343,0
229539,0
221675,0
205926,0
207314,0
245691,0
237961,0
456914,0
201369,0
206425,0
217728,0
234092,0
255766,0
251643,0
213732,0
215670,0
202650,0
462966,0
254657,0
232564,0
232196,0
458858,0
241073,0
214378,0
210326,0
246894,0
228514,0
239986,0
457133,0
232091,0
241742,0
219122,0
251906,0
212429,0
226809,0
202024,0
227463,0
230168,0
238506,0
191213,0
205126,0
249384,0
256594,0
246042,0
237737,0
197284,0
229349,0
221044,0
242208,0
207246,0
197061,0
196589,0
189991,0
183691,0
191997,0
199507,0
224335,0
455368,0
192384,0
191082,0
192442,0
191694,0
204307,0
206877,0
247841,0
213378,0
217461,0
204470,0
232504,0
194249,0
464888,0
194239,0
185883,0
238047,0
209080,0
461829,0
213867,0
463662,0
455766,0
230092,0
185871,0
208348,0
208538,0
210075,0
233426,0
199306,0
219035,0
229836,0
455100,0
221697,0
187495,0
195368,0
226244,0
220001,0
243905,0
253319,0
193977,0
211744,0
246543,0
223740,0
203875,0
457269,0
210257,0
460269,0
464799,0
218773,0
211453,0
200060,0
233017,0
236822,0
230271,0
187439,0
189863,0
219996,0
211298,0
207551,0
215976,0
254023,0
247546,0
235132,0
208942,0
236673,0
218646,0
195509,0
220049,0
247468,0
240664,0
235194,0
232227,0
238915,0
211300,0
200477,0
221073,0
240645,0
225156,0
186901,0
247515,0
210190,0
240578,0
256036,0
191779,0
212512,0
205781,0
197366,0
198491,0
458614,0
186345,0
257194,0
221618,0
197883,0
225729,0
202938,0
195106,0
251152,0
457232,0
455567,0
197143,0
216537,0
222324,0
208398,0
243639,0
188799,0
459010,0
253755,0
234805,0
195903,0
190448,0
463614,0
210247,0
208408,0
207576,0
200953,0
242081,0
253951,0
455944,0
458814,0
457942,0
203803,0
212526,0
217739,0
225168,0
248575,0
238157,0
193513,0
209979,0
212075,0
461040,0
183417,0
193927,0
197594,0
236057,0
222904,0
188194,0
231580,0
212467,0
231865,0
202052,0
228973,0
182837,0
214630,0
219355,0
199746,0
257303,0
253163,0
231409,0
241139,0
215942,0
246111,0
187840,0
456654,0
234928,0
184930,0
190758,0
194620,0
211282,0
218296,0
232536,0
186474,0
233117,0
205256,0
220369,0
228910,0
228857,0
216581,0
201925,0
185999,0
247440,0
210422,0
206274,0
464467,0
189825,0
464910,0
201984,0
185065,0
202035,0
232356,0
222784,0
239979,0
183765,0
241517,0
202837,0
207081,0
460305,0
208182,0
237851,0
239638,0
458080,0
229165,0
245675,0
465326,0
204452,0
195529,0
249710,0
460976,0
244257,0
223958,0
229135,0
192686,0
247792,0
255016,0
246499,0
460924,0
182915,0
184359,0
246423,0
461012,0
222247,0
462538,0
242434,0
192481,0
229014,0
248403,0
231334,0
207452,0
202552,0
458038,0
227879,0
231289,0
203870,0
226518,0
464150,0
254496,0
239569,0
234998,0
256155,0
246599,0
224302,0
211754,0
208902,0
225098,0
218198,0
242349,0
214781,0
213075,0
212275,0
252291,0
238692,0
183554,0
221111,0
251132,0
243250,0
198832,0
223999,0
463089,0
239453,0
201299,0
254098,0
220659,0
237600,0
248442,0
194978,0
188978,0
209201,0
213518,0
459152,0
252932,0
200637,0
248305,0
252052,0
193850,0
191398,0
184682,0
464543,0
250452,0
251863,0
225287,0
220067,0
455945,0
207348,0
250857,0
460470,0
462742,0
462644,0
190942,0
220194,0
236614,0
223609,0
204677,0
205183,0
459085,0
459945,0
209086,0
220807,0
231175,0
205961,0
248767,0
207553,0
241773,0
223173,0
242832,0
255025,0
189093,0
191641,0
206708,0
229700,0
195424,0
221988,0
233844,0
204902,0
199625,0
214629,0
188594,0
461063,0
249836,0
229592,0
461834,0
225166,0
210671,0
216571,0
199982,0
209966,0
209704,0
226529,0
465967,0
224670,0
460698,0
257851,0
224207,0
188260,0
463277,0
244615,0
248348,0
235398,0
245690,0
243028,0
237527,0
208894,0
231975,0
239889,0
195114,0
188689,0
457725,0
238409,0
464921,0
209954,0
462179,0
184366,0
183372,0
463617,0
455178,0
459150,0
213368,0
224502,0
252185,0
235470,0
465635,0
459250,0
460146,0
234302,0
458890,0
192012,0
208085,0
237850,0
216538,0
205882,0
234059,0
256630,0
195696,0
196744,0
194647,0
465888,0
239397,0
254944,0
466041,0
223834,0
213920,0
254064,0
241659,0
183572,0
463754,0
197107,0
211573,0
466015,0
236948,0
250502,0
208582,0
197889,0
462763,0
224544,0
232541,0
255954,0
243973,0
244543,0
192746,0
184421,0
200100,0
200309,0
198066,0
205635,0
226653,0
195616,0
187291,0
210400,0
240508,0
205765,0
241213,0
227930,0
205289,0
228713,0
245245,0
247116,0
249720,0
253646,0
187044,0
217302,0
237054,0
257494,0
197429,0
246093,0
257336,0
209643,0
192553,0
226732,0
217852,0
231371,0
220252,0
211072,0
238093,0
187049,0
186710,0
250266,0
202452,0
213951,0
244379,0
456612,0
244286,0
194536,0
243469,0
209120,0
253098,0
236463,0
238597,0
236596,0
187889,0
239048,0
255386,0
193259,0
208422,0
240914,0
241528,0
252791,0
191053,0
204928,0
244390,0
235565,0
207477,0
205743,0
198463,0
194227,0
461366,0
220605,0
217465,0
208413,0
228999,0
239189,0
257773,0
465387,0
253115,0
226307,0
210780,0
216638,0
235807,0
251180,0
199162,0
244810,0
239886,0
462679,0
227792,0
249579,0
204263,0
465568,0
232220,0
240729,0
457220,0
186094,0
234797,0
459864,0
234230,0
256548,0
183314,0
230843,0
229543,0
462078,0
458703,0
461818,0
237769,0
256345,0
461779,0
463666,0
184820,0
192337,0
255780,0
243428,0
207204,0
185313,0
210129,0
216032,0
247781,0
236923,0
195838,0
211424,0
225815,0
203838,0
250858,0
185510,0
185675,0
206490,0
187229,0
185927,0
235834,0
229831,0
458789,0
223348,0
219652,0
233970,0
216659,0
245716,0
188982,0
253430,0
239363,0
233967,0
226069,0
252081,0
240824,0
193889,0
211807,0
204089,0
217798,0
212361,0
459454,0
239610,0
254412,0
197941,0
249104,0
242793,0
219462,0
233126,0
182998,0
192038,0
189667,0
199294,0
250133,0
196724,0
256935,0
256498,0
248231,0
458075,0
210926,0
227605,0
223970,0
458057,0
251147,0
204159,0
208125,0
254662,0
217975,0
222777,0
196081,0
229475,0
460858,0
218605,0
256122,0
188502,0
186596,0
200875,0
255503,0
196410,0
243784,0
199275,0
194210,0
456004,0
183066,0
214216,0
209202,0
456272,0
465960,0
199441,0
455485,0
211841,0
458560,0
202107,0
236517,0
460303,0
215134,0
226703,0
458043,0
207335,0
231400,0
195309,0
226670,0
241848,0
246630,0
228357,0
462337,0
187465,0
186312,0
231744,0
216223,0
466274,0
455076,0
225047,0
198200,0
188396,0
237786,0
185294,0
224078,0
200460,0
245978,0
223094,0
245464,0
241438,0
223520,0
454946,0
228511,0
192496,0
220025,0
234841,0
183866,0
230762,0
203150,0
221414,0
205892,0
201577,0
456511,0
192828,0
249705,0
235804,0
210494,0
458991,0
459749,0
250415,0
237543,0
215335,0
456092,0
233042,0
235254,0
182861,0
188998,0
227351,0
200645,0
223721,0
457553,0
203893,0
204709,0
203156,0
197559,0
218781,0
245330,0
250346,0
233122,0
233546,0
219320,0
195055,0
250638,0
191964,0
242442,0
455890,0
200233,0
187647,0
185656,0
202124,0
206180,0
463902,0
225131,0
251800,0
186802,0
217235,0
235339,0
203749,0
240861,0
231924,0
222695,0
225825,0
207857,0
242604,0
203635,0
186886,0
223793,0
213585,0
183398,0
242787,0
206794,0
245353,0
208193,0
461376,0
198173,0
213092,0
247906,0
190520,0
241808,0
256882,0
213638,0
223007,0
206499,0
239369,0
217255,0
228446,0
207427,0
199844,0
213061,0
222429,0
190554,0
241750,0
248823,0
242834,0
211854,0
256752,0
253239,0
223727,0
459045,0
238298,0
459022,0
220961,0
207769,0
204086,0
219438,0
207342,0
195922,0
225606,0
201456,0
227134,0
254339,0
229599,0
182917,0
244908,0
243267,0
247072,0
201679,0
212785,0
224790,0
247962,0
246918,0
217878,0
238745,0
188963,0
240184,0
232624,0
216211,0
189129,0
238819,0
223698,0
188455,0
232623,0
465134,0
464464,0
217553,0
242859,0
184987,0
192674,0
218610,0
188813,0
219188,0
209165,0
242500,0
185331,0
198222,0
238071,0
254807,0
225309,0
253864,0
185858,0
463885,0
462136,0
191894,0
210917,0
216703,0
193426,0
466246,0
251589,0
229271,0
464220,0
183860,0
186663,0
461257,0
464646,0
244144,0
191294,0
202759,0
213091,0
189500,0
209356,0
459048,0
234386,0
236310,0
201359,0
465754,0
227297,0
199326,0
229664,0
231619,0
246180,0
185682,0
194211,0
192208,0
244323,0
230037,0
239014,0
200855,0
229049,0
196389,0
184576,0
251073,0
213594,0
466329,0
234609,0
464072,0
230886,0
244141,0
189981,0
212086,0
197230,0
461798,0
222962,0
466129,0
198302,0
459181,0
227690,0
207737,0
252792,0
464976,0
201082,0
194588,0
183291,0
200709,0
233044,0
245242,0
212555,0
225887,0
196355,0
238434,0
185977,0
187687,0
211911,0
229340,0
236323,0
229778,0
208633,0
229768,0
462684,0
456548,0
225674,0
252155,0
183109,0
465025,0
187880,0
189818,0
462504,0
184889,0
200200,0
223362,0
460724,0
241694,0
458289,0
257742,0
241843,0
212672,0
197414,0
207524,0
203489,0
217479,0
239931,0
201171,0
222257,0
230830,0
191447,0
257579,0
185150,0
230365,0
217946,0
197696,0
194445,0
243120,0
198932,0
196341,0
206714,0
234714,0
233003,0
255033,0
255756,0
464715,0
464311,0
255656,0
240070,0
462688,0
194754,0
255524,0
253326,0
460680,0
255892,0
229702,0
459245,0
193747,0
187758,0
195609,0
232948,0
245115,0
194035,0
229109,0
251355,0
234700,0
249452,0
191211,0
458916,0
195113,0
456108,0
191615,0
210572,0
235513,0
223039,0
190843,0
464504,0
254842,0
224564,0
199406,0
202207,0
241865,0
222536,0
222537,0
189307,0
225364,0
186990,0
242515,0
206330,0
458830,0
208208,0
456039,0
220249,0
256698,0
254328,0
227374,0
200681,0
213097,0
227581,0
206245,0
229712,0
203815,0
185429,0
221945,0
208147,0
201188,0
195252,0
238399,0
240646,0
238239,0
207187,0
256735,0
458919,0
238617,0
219692,0
224237,0
459982,0
218474,0
457292,0
465975,0
251328,0
199414,0
234801,0
212802,0
247166,0
211327,0
211768,0
220273,0
458929,0
255517,0
183450,0
196253,0
186854,0
237240,0
233479,0
227828,0
256756,0
248955,0
219882,0
197492,0
213829,0
456582,0
215444,0
230488,0
465381,0
463692,0
465330,0
245532,0
196343,0
210977,0
217383,0
456074,0
221673,0
253521,0
196441,0
250377,0
236442,0
234734,0
222321,0
192630,0
183176,0
190846,0
222890,0
228803,0
243786,0
253573,0
462879,0
219096,0
186688,0
250469,0
223228,0
236736,0
193708,0
244503,0
210836,0
234572,0
196165,0
211222,0
204772,0
233375,0
217145,0
220014,0
205585,0
213238,0
459304,0
465408,0
255564,0
231698,0
229981,0
207361,0
246131,0
243105,0
200174,0
197528,0
206248,0
213601,0
190414,0
219752,0
237778,0
250084,0
225651,0
234186,0
248743,0
224760,0
229043,0
199524,0
230536,0
235876,0
464421,0
207758,0
247143,0
197009,0
248373,0
196108,0
211181,0
204881,0
201204,0
208787,0
464768,0
198740,0
465015,0
254429,0
210001,0
238455,0
193486,0
218140,0
219345,0
241249,0
201611,0
206380,0
203977,0
191979,0
217401,0
207944,0
455183,0
463563,0
211702,0
221687,0
246040,0
249312,0
185734,0
254153,0
203918,0
248477,0
459075,0
239680,0
248494,0
238010,0
240598,0
217533,0
234944,0
188237,0
230048,0
190112,0
254973,0
463001,0
197447,0
232718,0
188662,0
460450,0
191591,0
206352,0
201012,0
188974,0
213959,0
231271,0
220642,0
239796,0
221364,0
198244,0
249582,0
191789,0
193845,0
216868,0
254885,0
456460,0
211955,0
254894,0
244859,0
236277,0
455957,0
248730,0
219733,0
209767,0
196964,0
185458,0
461509,0
212513,0
233013,0
183799,0
218494,0
254947,0
229027,0
213610,0
465578,0
235886,0
191725,0
463259,0
204768,0
189639,0
206691,0
465169,0
249602,0
186520,0
202804,0
233440,0
227781,0
254584,0
232412,0
204400,0
244550,0
218928,0
229587,0
219207,0
249420,0
255393,0
256654,0
457258,0
238686,0
240465,0
255336,0
196500,0
235366,0
241473,0
206177,0
237206,0
255538,0
233062,0
233141,0
204242,0
255583,0
226104,0
244254,0
247361,0
241048,0
242381,0
193895,0
211183,0
256299,0
225921,0
197280,0
463179,0
220485,0
228890,0
207224,0
224486,0
459529,0
205337,0
186589,0
257799,0
190080,0
233325,0
457850,0
215594,0
215120,0
202528,0
459168,0
195405,0
209620,0
462701,0
212248,0
206988,0
221976,0
223765,0
197286,0
214423,0
234943,0
187500,0
186315,0
237306,0
202571,0
213144,0
240171,0
216261,0
238830,0
189485,0
223580,0
237844,0
198330,0
195130,0
244021,0
226958,0
216116,0
237164,0
232825,0
255083,0
210648,0
189997,0
221866,0
210862,0
212032,0
222065,0
454804,0
222501,0
224241,0
228866,0
216495,0
233877,0
219131,0
455990,0
186307,0
192053,0
249575,0
225454,0
232803,0
231124,0
224048,0
218641,0
217194,0
218449,0
220783,0
212767,0
208703,0
209414,0
242617,0
204058,0
247857,0
184885,0
218190,0
202489,0
238897,0
241010,0
195189,0
195882,0
205593,0
204679,0
222148,0
242713,0
201141,0
206414,0
225951,0
220779,0
245046,0
208760,0
220899,0
207445,0
213199,0
234403,0
459059,0
457843,0
222530,0
455193,0
206933,0
221275,0
238272,0
194640,0
462174,0
206565,0
208853,0
186213,0
231404,0
201646,0
198730,0
463529,0
63155,1
55415,1
74313,1
7849,1
478500,1
109228,1
482259,1
36601,1
90673,1
97807,1
514786,1
25174,1
9212,1
477854,1
513874,1
85443,1
81270,1
507616,1
158161,1
22926,1
476362,1
506491,1
84482,1
70207,1
31906,1
43021,1
45831,1
1111,1
25799,1
115043,1
66416,1
497116,1
2052,1
58665,1
64718,1
24254,1
498094,1
59978,1
69384,1
82176,1
496710,1
11828,1
6315,1
502576,1
57048,1
15970,1
57423,1
482260,1
111384,1
505277,1
479557,1
476084,1
1989,1
86822,1
106039,1
20231,1
56438,1
54235,1
502651,1
320604,1
5582,1
510645,1
59239,1
29962,1
17055,1
508059,1
49367,1
54159,1
49311,1
422274,1
506892,1
68928,1
508516,1
29215,1
21746,1
506366,1
92571,1
376905,1
475401,1
149091,1
7422,1
67022,1
395719,1
93578,1
34411,1
501277,1
477882,1
502652,1
498935,1
135195,1
17484,1
105140,1
105122,1
483058,1
37221,1
5304,1
499710,1
103668,1
35392,1
112201,1
40301,1
31812,1
63736,1
5169,1
55428,1
52739,1
496676,1
57662,1
76738,1
25524,1
514650,1
151637,1
16873,1
478738,1
62883,1
23249,1
18351,1
53558,1
20710,1
32302,1
16604,1
34792,1
62475,1
17729,1
51217,1
62055,1
30627,1
63170,1
99242,1
5935,1
16834,1
29411,1
57016,1
12025,1
51892,1
65160,1
43569,1
35917,1
32685,1
12010,1
63956,1
49223,1
6367,1
509447,1
6687,1
34254,1
38854,1
505311,1
43138,1
267681,1
102198,1
64498,1
500996,1
77972,1
296379,1
28949,1
80650,1
33397,1
9048,1
24415,1
13324,1
12026,1
91281,1
130776,1
7288,1
77992,1
27194,1
372219,1
2867,1
98114,1
96877,1
501331,1
96179,1
33703,1
10566,1
122011,1
17726,1
1601,1
52721,1
88543,1
58530,1
39528,1
7960,1
20080,1
357121,1
62245,1
328,1
51301,1
16331,1
96569,1
64187,1
502277,1
85939,1
514595,1
22542,1
178709,1
7691,1
11844,1
54828,1
101531,1
374120,1
386035,1
95875,1
514294,1
30188,1
95994,1
30875,1
508075,1
312380,1
505810,1
5415,1
43729,1
176903,1
83250,1
47123,1
15743,1
3812,1
9703,1
9710,1
26726,1
85420,1
23658,1
136801,1
431433,1
39758,1
62285,1
475754,1
55182,1
475159,1
477225,1
5144,1
23471,1
71817,1
28619,1
9712,1
80722,1
77467,1
22729,1
366286,1
43913,1
258625,1
290913,1
32060,1
501385,1
615,1
103185,1
62688,1
388523,1
126658,1
18744,1
53396,1
179916,1
10870,1
148457,1
55120,1
11344,1
63531,1
3802,1
16109,1
46734,1
31505,1
55821,1
50596,1
47147,1
158690,1
25801,1
16573,1
16443,1
29831,1
17822,1
29837,1
92247,1
27224,1
123656,1
82709,1
8795,1
165124,1
12324,1
61807,1
13478,1
49409,1
514845,1
57500,1
10797,1
513135,1
9598,1
61548,1
64666,1
12734,1
80243,1
10702,1
6891,1
109430,1
3070,1
4423,1
45924,1
55848,1
15974,1
2406,1
42314,1
8905,1
59521,1
36208,1
52224,1
39113,1
498302,1
125439,1
97290,1
127472,1
509753,1
58948,1
36639,1
30433,1
61963,1
43257,1
501809,1
51433,1
160703,1
10874,1
59025,1
65672,1
174656,1
90568,1
36665,1
81330,1
39956,1
2174,1
19826,1
17674,1
20883,1
4540,1
8899,1
508680,1
506330,1
483219,1
14208,1
64067,1
5848,1
6775,1
36699,1
5487,1
47542,1
499986,1
9876,1
285141,1
116021,1
74737,1
10442,1
21104,1
498775,1
48728,1
507784,1
480286,1
504848,1
27482,1
24051,1
52942,1
67202,1
36182,1
418,1
14552,1
45139,1
60381,1
54246,1
54402,1
21882,1
6480,1
52424,1
505305,1
15940,1
63349,1
47160,1
21239,1
116909,1
26053,1
57490,1
15861,1
103110,1
41783,1
29947,1
78048,1
36829,1
62473,1
32569,1
34823,1
478401,1
481818,1
507542,1
501855,1
90169,1
64670,1
16488,1
497319,1
503408,1
482653,1
49358,1
56742,1
32673,1
475925,1
55203,1
95194,1
43684,1
97149,1
481032,1
479866,1
21106,1
7946,1
36929,1
12520,1
63740,1
35996,1
21581,1
72137,1
498449,1
512775,1
48103,1
85182,1
34468,1
87662,1
33796,1
38043,1
29273,1
29481,1
43594,1
109746,1
19950,1
18752,1
30824,1
36634,1
59993,1
421425,1
478379,1
17835,1
22412,1
3919,1
16025,1
502726,1
19576,1
513964,1
115951,1
22808,1
3006,1
33441,1
45302,1
182091,1
139836,1
80764,1
13620,1
8672,1
20490,1
505556,1
30848,1
29690,1
513687,1
61591,1
29993,1
18862,1
5595,1
481800,1
131500,1
58760,1
506905,1
38062,1
478894,1
62637,1
110144,1
302742,1
10808,1
59960,1
47331,1
37513,1
36246,1
52513,1
511980,1
29857,1
506909,1
499495,1
2533,1
4431,1
55189,1
58063,1
512060,1
329541,1
24539,1
29552,1
83207,1
44256,1
480797,1
479332,1
75047,1
29428,1
68785,1
2438,1
53274,1
38120,1
49400,1
37332,1
23412,1
20421,1
25323,1
60716,1
97202,1
61682,1
476108,1
108522,1
1160,1
510082,1
47282,1
37369,1
44622,1
156153,1
54872,1
84607,1
513510,1
29099,1
4437,1
13992,1
10933,1
10676,1
7788,1
29785,1
25606,1
33552,1
512640,1
22959,1
13138,1
501842,1
512252,1
82006,1
47485,1
33177,1
18460,1
58426,1
87306,1
503241,1
73631,1
34356,1
510478,1
10071,1
2664,1
368890,1
23661,1
21256,1
504377,1
28922,1
27558,1
43848,1
37343,1
41419,1
15877,1
33443,1
31704,1
94238,1
82812,1
11348,1
64762,1
514543,1
32180,1
55385,1
73546,1
33469,1
20325,1
59881,1
44563,1
62312,1
124797,1
9541,1
82350,1
27245,1
110017,1
133906,1
115285,1
89990,1
87451,1
475664,1
476376,1
502625,1
19833,1
504218,1
54479,1
26962,1
27311,1
39663,1
176060,1
1494,1
3675,1
479268,1
42146,1
499197,1
115893,1
66144,1
117714,1
31205,1
181684,1
20923,1
55430,1
58444,1
38085,1
17509,1
402714,1
50856,1
88183,1
109768,1
21675,1
107537,1
60425,1
19715,1
47793,1
24080,1
5358,1
515222,1
42075,1
47610,1
284826,1
22283,1
31590,1
22083,1
9076,1
123995,1
107569,1
46849,1
6071,1
129892,1
56876,1
500683,1
25680,1
57834,1
46458,1
39491,1
43250,1
5621,1
47581,1
86537,1
57422,1
334330,1
12489,1
54149,1
4010,1
122481,1
52952,1
509936,1
493,1
483147,1
69197,1
480519,1
14205,1
13434,1
17786,1
59348,1
87941,1
18736,1
54167,1
498750,1
14199,1
2314,1
500278,1
56007,1
501993,1
85736,1
433,1
12362,1
99683,1
36007,1
39173,1
481668,1
107779,1
42977,1
502275,1
115263,1
46347,1
22737,1
496994,1
6947,1
71312,1
66969,1
89169,1
10589,1
9084,1
63607,1
22900,1
40081,1
35925,1
89412,1
12721,1
116343,1
509390,1
499427,1
108739,1
34467,1
14318,1
31186,1
31238,1
113214,1
4122,1
328475,1
17710,1
1258,1
31351,1
109836,1
32219,1
19259,1
37756,1
481982,1
509245,1
17830,1
64026,1
503190,1
500138,1
29306,1
84008,1
73435,1
379025,1
54292,1
17694,1
94341,1
480635,1
31848,1
14937,1
31970,1
481992,1
104388,1
505179,1
19298,1
20886,1
508957,1
58396,1
77316,1
10677,1
384,1
52534,1
48007,1
22468,1
481000,1
510308,1
13938,1
498912,1
30719,1
33738,1
513287,1
42228,1
479695,1
21901,1
497972,1
35267,1
176708,1
73438,1
42451,1
3714,1
69698,1
477856,1
11890,1
101589,1
57197,1
31959,1
41285,1
95402,1
112564,1
478289,1
475342,1
123819,1
290237,1
421032,1
22713,1
19019,1
20389,1
37171,1
23717,1
49659,1
502919,1
502624,1
56293,1
13072,1
380829,1
38597,1
64337,1
77447,1
44105,1
47021,1
25134,1
45502,1
13197,1
507419,1
503554,1
16095,1
10717,1
13017,1
89783,1
8113,1
33575,1
3133,1
37428,1
131,1
59070,1
75783,1
80631,1
64889,1
26940,1
7031,1
275562,1
56186,1
119733,1
99138,1
501518,1
34009,1
514065,1
128640,1
504731,1
88504,1
639,1
498936,1
56410,1
503611,1
501971,1
7037,1
38635,1
37486,1
514684,1
12258,1
24625,1
6746,1
50598,1
72348,1
45312,1
78154,1
40171,1
5631,1
37263,1
106643,1
478641,1
513769,1
51560,1
47797,1
58076,1
41575,1
21164,1
50006,1
16282,1
520110,1
86772,1
10976,1
63586,1
73745,1
74866,1
38593,1
10342,1
47501,1
38652,1
48509,1
505892,1
20628,1
41762,1
53155,1
53154,1
90734,1
509843,1
111924,1
5052,1
30409,1
426928,1
40217,1
504361,1
479762,1
59917,1
496867,1
16895,1
507294,1
42433,1
25008,1
62676,1
32961,1
69676,1
23579,1
501723,1
31136,1
127305,1
17898,1
123880,1
32698,1
45037,1
115116,1
62738,1
41601,1
31575,1
499155,1
17796,1
507554,1
48392,1
56720,1
52401,1
39309,1
12811,1
123941,1
30938,1
3865,1
18986,1
74485,1
56289,1
37967,1
481854,1
476913,1
47002,1
38157,1
481379,1
85229,1
476357,1
133918,1
12788,1
37749,1
3094,1
46877,1
1871,1
58346,1
60863,1
10231,1
79312,1
511171,1
26901,1
47529,1
33300,1
505527,1
84326,1
513208,1
481507,1
3615,1
54192,1
65006,1
20849,1
323580,1
481866,1
138597,1
115364,1
61264,1
163980,1
31961,1
102183,1
63313,1
505929,1
28727,1
513821,1
3059,1
101556,1
46809,1
480325,1
66757,1
477785,1
16821,1
21516,1
39625,1
131622,1
14761,1
28766,1
506401,1
14721,1
48026,1
479310,1
511697,1
88540,1
475076,1
43826,1
513602,1
39932,1
46708,1
514521,1
30151,1
48654,1
3413,1
57316,1
34202,1
47413,1
21349,1
11409,1
483113,1
157252,1
508104,1
55364,1
30124,1
481148,1
55041,1
11986,1
501276,1
169907,1
13832,1
85841,1
20366,1
26623,1
77269,1
35785,1
255,1
73863,1
151573,1
107259,1
477986,1
505586,1
36535,1
15189,1
325028,1
18683,1
38021,1
37561,1
19750,1
66278,1
499907,1
121361,1
72591,1
49590,1
524966,1
477451,1
437476,1
25855,1
514660,1
510529,1
67749,1
54738,1
45154,1
53706,1
506988,1
22292,1
265751,1
35359,1
24122,1
10179,1
18420,1
55023,1
18296,1
482106,1
475862,1
53875,1
10985,1
126083,1
478769,1
20304,1
5481,1
41909,1
18576,1
63377,1
55126,1
42938,1
497435,1
55730,1
46194,1
475090,1
47920,1
55617,1
22439,1
97640,1
480473,1
511394,1
178457,1
58649,1
174057,1
64044,1
68343,1
58846,1
477609,1
281,1
45527,1
25328,1
38555,1
39608,1
268141,1
143231,1
8028,1
29959,1
38830,1
481702,1
80642,1
97926,1
281770,1
56990,1
127054,1
8162,1
481482,1
56610,1
16104,1
63822,1
509241,1
32096,1
480088,1
18155,1
6751,1
497042,1
505280,1
5291,1
142495,1
33654,1
76667,1
44465,1
22368,1
3747,1
95001,1
89592,1
29791,1
477937,1
56820,1
3341,1
6109,1
100003,1
7639,1
503670,1
15232,1
135606,1
48582,1
12466,1
49452,1
481261,1
73872,1
123986,1
286486,1
152641,1
37664,1
504822,1
480992,1
46172,1
55717,1
496461,1
57468,1
41035,1
22267,1
40770,1
43152,1
4246,1
366927,1
513924,1
45684,1
52928,1
37712,1
35726,1
3508,1
49364,1
39549,1
480423,1
25466,1
72394,1
496649,1
59610,1
134065,1
50424,1
52231,1
1834,1
510480,1
442633,1
31259,1
48243,1
140998,1
10855,1
57819,1
511575,1
99819,1
16121,1
501988,1
62066,1
36383,1
406738,1
98494,1
504929,1
47129,1
3050,1
35594,1
103190,1
506348,1
111161,1
3096,1
448340,1
117296,1
27128,1
7147,1
61206,1
33115,1
45001,1
61765,1
36073,1
511131,1
10527,1
64481,1
48593,1
382917,1
45365,1
61102,1
482872,1
48419,1
24458,1
5114,1
504955,1
31691,1
13780,1
41211,1
28923,1
10565,1
80124,1
8513,1
70659,1
114972,1
510718,1
510265,1
478797,1
59504,1
26060,1
481625,1
91066,1
6853,1
478365,1
16877,1
997,1
7015,1
17901,1
37197,1
501802,1
83312,1
91355,1
47185,1
15570,1
502373,1
8734,1
56985,1
334919,1
389726,1
99726,1
77416,1
60087,1
145128,1
500636,1
20020,1
504624,1
168,1
27526,1
13023,1
480291,1
508177,1
499269,1
106597,1
59392,1
69465,1
60086,1
66344,1
43804,1
29818,1
49494,1
24775,1
479257,1
161643,1
512424,1
28987,1
32805,1
178651,1
303349,1
505965,1
71174,1
1807,1
4307,1
36145,1
513656,1
171213,1
53511,1
515340,1
2089,1
27425,1
150929,1
177461,1
21471,1
49977,1
64271,1
481226,1
43642,1
51958,1
40176,1
27382,1
19311,1
173438,1
1425,1
58832,1
506054,1
509690,1
9550,1
105349,1
53528,1
79437,1
91889,1
24977,1
52572,1
45063,1
70744,1
22495,1
46238,1
126960,1
6977,1
4769,1
60011,1
18016,1
37555,1
481395,1
505330,1
512776,1
66967,1
88741,1
6366,1
110177,1
480170,1
27925,1
31220,1
507442,1
43443,1
53251,1
25212,1
7394,1
63034,1
45210,1
54322,1
1586,1
46556,1
29343,1
180726,1
89090,1
46682,1
37844,1
123838,1
29697,1
63798,1
40395,1
5451,1
120865,1
9269,1
1255,1
64562,1
144521,1
30247,1
36852,1
117848,1
501290,1
27933,1
81237,1
131829,1
480124,1
24123,1
49289,1
479226,1
104410,1
22969,1
14516,1
28073,1
507205,1
132996,1
476205,1
55070,1
48704,1
298413,1
37979,1
33797,1
15653,1
508313,1
49620,1
58733,1
89689,1
62231,1
384035,1
26454,1
52958,1
30447,1
81076,1
43320,1
2110,1
116400,1
511646,1
21838,1
116126,1
57979,1
481699,1
475395,1
510569,1
1393,1
513674,1
37213,1
20742,1
508806,1
31576,1
475096,1
15160,1
38114,1
479499,1
477878,1
3979,1
366124,1
44083,1
45985,1
8340,1
84661,1
44769,1
506449,1
103554,1
6349,1
12121,1
503482,1
2014,1
13251,1
14464,1
35031,1
481169,1
511695,1
114374,1
19531,1
102033,1
60137,1
143435,1
48515,1
90384,1
481901,1
22606,1
507147,1
7490,1
87499,1
58818,1
29201,1
50593,1
64699,1
49360,1
27255,1
11041,1
514253,1
38536,1
77341,1
21017,1
76325,1
6,1
24380,1
363714,1
57547,1
478199,1
11317,1
21132,1
512651,1
6374,1
124251,1
12853,1
482492,1
32203,1
64661,1
55678,1
15432,1
433350,1
496843,1
25794,1
14094,1
475746,1
3034,1
498320,1
37290,1
114505,1
498947,1
8621,1
496875,1
25947,1
57401,1
89508,1
478357,1
108775,1
60205,1
38914,1
10539,1
509302,1
1347,1
5809,1
38692,1
22116,1
5733,1
108461,1
109113,1
42081,1
78703,1
59980,1
96325,1
72538,1
5800,1
129351,1
46992,1
86566,1
498232,1
8752,1
52354,1
31511,1
67189,1
1000,1
19580,1
6522,1
30941,1
64374,1
41184,1
52908,1
17847,1
3681,1
55467,1
120426,1
58993,1
509758,1
109920,1
504670,1
41024,1
161408,1
506374,1
20042,1
11840,1
40017,1
99780,1
14262,1
728,1
14564,1
482900,1
37120,1
26578,1
61295,1
47239,1
20338,1
35084,1
498800,1
109504,1
381484,1
164648,1
130566,1
106748,1
5675,1
4810,1
7392,1
165955,1
60648,1
60190,1
498863,1
500042,1
52499,1
5610,1
500322,1
507434,1
477458,1
35722,1
31944,1
41187,1
10630,1
71593,1
145005,1
49991,1
508196,1
497800,1
503943,1
506216,1
503536,1
66106,1
30576,1
84759,1
18704,1
23429,1
30709,1
63149,1
17907,1
45772,1
323546,1
82181,1
19990,1
509432,1
22626,1
3402,1
9512,1
17565,1
93350,1
29801,1
31151,1
135114,1
10805,1
608,1
123670,1
496653,1
14344,1
507849,1
129998,1
496785,1
54748,1
482903,1
101045,1
99666,1
6332,1
49630,1
478904,1
168786,1
158838,1
60903,1
54622,1
17165,1
513219,1
58539,1
17068,1
62423,1
509548,1
91628,1
497532,1
88629,1
50505,1
64462,1
477663,1
5444,1
52662,1
477851,1
110622,1
41005,1
105260,1
60827,1
47274,1
25106,1
38553,1
54701,1
45377,1
36059,1
52861,1
39317,1
38633,1
58442,1
43604,1
337956,1
40582,1
14247,1
36334,1
82642,1
48161,1
45840,1
3046,1
180549,1
39509,1
318976,1
509037,1
7219,1
14073,1
58135,1
62915,1
33991,1
28474,1
2869,1
27698,1
61948,1
51854,1
476755,1
47764,1
103360,1
3472,1
7989,1
22546,1
23461,1
1659,1
59507,1
480232,1
102326,1
54311,1
99976,1
15501,1
505489,1
513985,1
10333,1
49922,1
45382,1
498638,1
36407,1
310015,1
32337,1
19081,1
43450,1
479948,1
506544,1
40611,1
68530,1
23723,1
68836,1
34377,1
54821,1
9332,1
496819,1
144632,1
46125,1
59241,1
126867,1
475305,1
15168,1
19613,1
301024,1
109596,1
66105,1
37794,1
17798,1
115230,1
47034,1
501052,1
39515,1
37243,1
28071,1
64347,1
56387,1
512544,1
478005,1
91773,1
16528,1
47450,1
59936,1
504007,1
30248,1
40357,1
477517,1
99416,1
80285,1
479116,1
50211,1
15916,1
10687,1
16256,1
29472,1
14550,1
105694,1
41198,1
262102,1
514290,1
482571,1
86318,1
29259,1
37168,1
45405,1
507582,1
297471,1
44754,1
26177,1
56446,1
475270,1
496911,1
35285,1
17966,1
52491,1
64493,1
99798,1
512055,1
504221,1
499557,1
95638,1
141768,1
58711,1
39327,1
1402,1
376087,1
61326,1
91387,1
15961,1
1689,1
112488,1
38789,1
53861,1
44837,1
26582,1
28806,1
42141,1
50640,1
982,1
19509,1
52967,1
3108,1
32259,1
40621,1
94669,1
402,1
62655,1
34826,1
18098,1
62979,1
479264,1
96786,1
66078,1
32443,1
15680,1
36485,1
110922,1
104487,1
43851,1
27321,1
508652,1
11797,1
53838,1
78214,1
66503,1
505461,1
124523,1
4980,1
9750,1
14377,1
26614,1
123790,1
99143,1
48863,1
48400,1
7589,1
24895,1
44409,1
84501,1
138792,1
503289,1
38325,1
508892,1
54291,1
60513,1
512732,1
44498,1
115711,1
37703,1
37843,1
39647,1
497707,1
54607,1
39076,1
12829,1
34188,1
113412,1
5890,1
33159,1
6784,1
9556,1
65592,1
31753,1
482229,1
509649,1
25985,1
49067,1
127913,1
14722,1
17423,1
64229,1
57183,1
47149,1
40145,1
34841,1
20345,1
508389,1
45059,1
331446,1
25395,1
167138,1
497544,1
10629,1
505290,1
15148,1
90566,1
136944,1
499869,1
45402,1
16307,1
28759,1
16667,1
505955,1
325497,1
11978,1
28859,1
3644,1
501046,1
499322,1
501511,1
1558,1
499221,1
479582,1
6344,1
37816,1
502903,1
178807,1
382938,1
477640,1
78659,1
514023,1
73343,1
64798,1
18034,1
56060,1
7642,1
101492,1
10981,1
36211,1
168935,1
51308,1
478607,1
122720,1
12823,1
93732,1
475137,1
34375,1
475963,1
12826,1
500333,1
44071,1
504871,1
109860,1
477927,1
46292,1
40207,1
30775,1
36009,1
106926,1
59355,1
8661,1
505340,1
61818,1
33422,1
63602,1
43782,1
90120,1
134768,1
37010,1
96132,1
97863,1
87538,1
475632,1
25475,1
43973,1
88691,1
68560,1
507625,1
84383,1
20411,1
40221,1
509662,1
53698,1
129316,1
42329,1
23925,1
504482,1
370983,1
100218,1
4660,1
34651,1
17138,1
501020,1
48843,1
15023,1
62903,1
28817,1
46958,1
28659,1
18216,1
34259,1
6129,1
28460,1
514866,1
43441,1
14577,1
13543,1
20305,1
63053,1
48255,1
7224,1
326803,1
9386,1
111940,1
58768,1
511707,1
47435,1
496849,1
46446,1
501965,1
4586,1
121852,1
506584,1
57522,1
481859,1
94750,1
55811,1
94167,1
14348,1
84794,1
501311,1
55888,1
85670,1
53847,1
505904,1
172122,1
38304,1
91753,1
66183,1
54966,1
506600,1
78664,1
28638,1
502129,1
100255,1
37957,1
505790,1
18376,1
91998,1
116730,1
398093,1
16472,1
507968,1
498154,1
16193,1
9572,1
6562,1
31527,1
38841,1
51936,1
58547,1
509332,1
100,1
52999,1
10471,1
515398,1
30048,1
47586,1
32049,1
29878,1
18632,1
7117,1
508625,1
511738,1
497445,1
476179,1
54543,1
31518,1
175256,1
509287,1
509818,1
92566,1
508446,1
6886,1
10577,1
410976,1
63974,1
71356,1
34218,1
498500,1
500969,1
64171,1
52122,1
151428,1
512903,1
13005,1
35823,1
21950,1
38684,1
16766,1
22768,1
60996,1
475202,1
74935,1
509377,1
510851,1
56866,1
7166,1
45934,1
6675,1
34717,1
7359,1
165533,1
512921,1
97317,1
49451,1
513758,1
44322,1
3770,1
32697,1
38428,1
178201,1
26131,1
28292,1
40170,1
3220,1
513528,1
41809,1
60378,1
31777,1
476518,1
91932,1
482450,1
91898,1
74715,1
32427,1
66619,1
505520,1
478834,1
25252,1
170957,1
34601,1
348137,1
17969,1
176788,1
43380,1
77078,1
44169,1
11007,1
93332,1
36610,1
105975,1
34918,1
514302,1
33145,1
9337,1
42972,1
507627,1
94864,1
17697,1
7234,1
44309,1
76885,1
512869,1
479110,1
2930,1
116049,1
45314,1
82751,1
40942,1
441128,1
513385,1
34724,1
10058,1
165958,1
504855,1
69227,1
391739,1
108757,1
480023,1
105794,1
7064,1
128533,1
503953,1
34208,1
48238,1
106989,1
479605,1
61365,1
86418,1
98411,1
23009,1
96571,1
499225,1
483014,1
77276,1
31112,1
77902,1
6040,1
2786,1
14391,1
497823,1
31389,1
57080,1
477526,1
511957,1
63021,1
2012,1
510046,1
69492,1
19278,1
476926,1
47374,1
64934,1
59967,1
10559,1
31016,1
515017,1
5393,1
62564,1
513371,1
500598,1
510481,1
482436,1
505990,1
7731,1
45554,1
66142,1
515142,1
89428,1
97015,1
2478,1
11251,1
161553,1
32001,1
514392,1
38545,1
504779,1
46930,1
39998,1
13905,1
46357,1
90293,1
73825,1
28189,1
482863,1
616,1
60105,1
57074,1
2960,1
27146,1
11168,1
38138,1
113112,1
44415,1
514109,1
40336,1
496638,1
14959,1
73923,1
113109,1
19947,1
30648,1
10043,1
497166,1
167753,1
65843,1
51000,1
3649,1
530306,1
10483,1
510098,1
477145,1
103436,1
38755,1
92065,1
165684,1
86219,1
47869,1
93687,1
51153,1
27837,1
50915,1
60203,1
500300,1
73307,1
20599,1
5619,1
151238,1
3554,1
13675,1
10966,1
261632,1
515394,1
510283,1
54527,1
44771,1
51636,1
54802,1
8057,1
481561,1
64071,1
513519,1
48496,1
87240,1
182130,1
46631,1
55904,1
51970,1
17873,1
2678,1
7152,1
89323,1
19277,1
176468,1
36793,1
50217,1
508942,1
27879,1
64651,1
499209,1
13212,1
507410,1
499475,1
33806,1
38737,1
11230,1
25080,1
48964,1
55256,1
498186,1
478377,1
4914,1
43074,1
478677,1
10286,1
504964,1
34987,1
482754,1
46390,1
497593,1
28881,1
37700,1
9275,1
13358,1
46516,1
34699,1
151187,1
73310,1
52342,1
28139,1
20645,1
46583,1
55309,1
78877,1
51007,1
35033,1
22885,1
506585,1
501614,1
23532,1
39502,1
36397,1
40938,1
74025,1
55618,1
48549,1
16362,1
14093,1
502713,1
61528,1
46801,1
98163,1
43383,1
52294,1
23034,1
24182,1
123254,1
70872,1
75468,1
481434,1
59002,1
103639,1
476511,1
510979,1
7933,1
21110,1
7689,1
508128,1
63403,1
60200,1
48454,1
49232,1
182117,1
509950,1
62385,1
505885,1
39183,1
96658,1
20889,1
120760,1
42230,1
32165,1
2331,1
18907,1
38809,1
33312,1
43013,1
26942,1
46540,1
59514,1
61618,1
25246,1
55454,1
104253,1
35610,1
483187,1
79125,1
44218,1
75609,1
90192,1
113300,1
499346,1
27905,1
27511,1
14089,1
48473,1
500505,1
11276,1
80171,1
34128,1
61393,1
29504,1
62471,1
37647,1
507173,1
23477,1
95446,1
478996,1
42426,1
7390,1
507626,1
505983,1
144080,1
505200,1
531458,1
35348,1
59595,1
43199,1
61459,1
8944,1
56721,1
100856,1
14224,1
513742,1
19696,1
40173,1
509128,1
89778,1
124118,1
42875,1
6207,1
54772,1
317203,1
480878,1
108749,1
499653,1
49918,1
46624,1
62381,1
483240,1
18781,1
18025,1
137978,1
39195,1
28118,1
27004,1
55805,1
61328,1
50916,1
75033,1
29424,1
49422,1
480824,1
504973,1
47043,1
14467,1
511716,1
483280,1
1358,1
49868,1
8146,1
54517,1
73240,1
16728,1
511788,1
11110,1
482275,1
30225,1
509446,1
476509,1
176968,1
104516,1
31684,1
167015,1
579557,1
423117,1
81456,1
33362,1
41782,1
26814,1
29469,1
123006,1
17658,1
36293,1
24949,1
31201,1
513038,1
82327,1
40546,1
499598,1
59351,1
64982,1
33068,1
158154,1
24523,1
42569,1
476997,1
57575,1
405498,1
497186,1
23263,1
91607,1
110579,1
106712,1
52815,1
66509,1
308431,1
508662,1
64438,1
133584,1
497534,1
512095,1
665,1
515360,1
500935,1
97441,1
507501,1
44459,1
510027,1
60893,1
59719,1
6856,1
509572,1
157052,1
114367,1
121837,1
18224,1
84922,1
42242,1
512980,1
662,1
346523,1
20930,1
480897,1
25051,1
50728,1
478255,1
45635,1
16482,1
502734,1
106148,1
112304,1
102261,1
507894,1
281578,1
48234,1
34558,1
128369,1
32426,1
34429,1
3769,1
48504,1
24767,1
505567,1
46616,1
481894,1
498021,1
52125,1
47217,1
7751,1
136468,1
50418,1
496505,1
32025,1
480358,1
63695,1
113101,1
49642,1
52504,1
479131,1
6575,1
59435,1
102032,1
48043,1
53857,1
269568,1
120702,1
73611,1
27024,1
284530,1
58537,1
30904,1
119723,1
66294,1
92339,1
39715,1
25822,1
50080,1
35054,1
3038,1
19174,1
532,1
23214,1
176372,1
64395,1
24318,1
59323,1
503623,1
480793,1
31096,1
2593,1
160796,1
66319,1
58592,1
61701,1
89801,1
41057,1
102525,1
501973,1
8338,1
505584,1
19784,1
44758,1
94136,1
57863,1
508847,1
47373,1
36234,1
47377,1
179689,1
63122,1
54459,1
110954,1
10770,1
504347,1
18965,1
49833,1
67522,1
1487,1
149678,1
33216,1
35683,1
499051,1
512057,1
49751,1
93526,1
20870,1
52126,1
503613,1
51690,1
49641,1
43495,1
451767,1
504831,1
89427,1
92220,1
508795,1
9348,1
103743,1
30476,1
7848,1
53009,1
3378,1
15991,1
46513,1
104209,1
501997,1
498198,1
100672,1
94231,1
57809,1
162607,1
31514,1
173246,1
43225,1
29035,1
16020,1
60989,1
497957,1
11371,1
13568,1
123558,1
52882,1
29583,1
112400,1
15479,1
53758,1
166418,1
476604,1
50740,1
164188,1
513030,1
40952,1
21186,1
10549,1
40664,1
477425,1
312664,1
149320,1
5565,1
172701,1
56218,1
39723,1
47172,1
32447,1
502796,1
390588,1
20036,1
22644,1
159726,1
323552,1
39458,1
36842,1
62112,1
3847,1
100746,1
46551,1
110501,1
18717,1
87595,1
34306,1
158569,1
18489,1
500109,1
496746,1
2373,1
38994,1
150674,1
508992,1
507366,1
13052,1
10053,1
498150,1
508666,1
56231,1
60168,1
22207,1
96131,1
39991,1
42015,1
481175,1
89562,1
64043,1
8929,1
502296,1
87109,1
53214,1
65978,1
55998,1
64897,1
151545,1
41335,1
2137,1
128564,1
698,1
5726,1
270228,1
131776,1
505207,1
25920,1
16699,1
2408,1
59388,1
12662,1
63366,1
37259,1
23986,1
11492,1
71855,1
79170,1
387385,1
13296,1
513988,1
154490,1
514062,1
8104,1
504821,1
16771,1
114845,1
99494,1
29579,1
12236,1
114930,1
17936,1
22345,1
84279,1
102030,1
9279,1
18311,1
101530,1
18541,1
61575,1
46370,1
51839,1
81883,1
58142,1
100004,1
50366,1
87272,1
512591,1
21506,1
480096,1
449933,1
248,1
32812,1
101050,1
51843,1
380813,1
60303,1
81420,1
2788,1
12941,1
12456,1
59694,1
52032,1
498720,1
22989,1
505704,1
22115,1
510794,1
503214,1
123612,1
482104,1
504411,1
27413,1
71731,1
508970,1
482980,1
182504,1
62017,1
35284,1
512022,1
499314,1
84447,1
53974,1
66865,1
22580,1
44344,1
24572,1
25792,1
54837,1
44173,1
503003,1
44975,1
99430,1
79706,1
498699,1
23773,1
514325,1
106323,1
23505,1
52101,1
105945,1
25108,1
58515,1
38705,1
480288,1
506229,1
510807,1
106605,1
33285,1
86455,1
28542,1
3325,1
124033,1
77905,1
44836,1
501147,1
83557,1
506496,1
48519,1
41649,1
41814,1
498998,1
20408,1
39769,1
52021,1
14001,1
61223,1
51204,1
53912,1
498971,1
39323,1
109710,1
503892,1
106397,1
116393,1
479204,1
44926,1
81250,1
60124,1
63130,1
320552,1
16136,1
106502,1
11345,1
8103,1
512521,1
391451,1
66867,1
33903,1
71544,1
38248,1
12740,1
84525,1
513353,1
8193,1
511879,1
35352,1
32716,1
18749,1
68466,1
478703,1
26524,1
99986,1
72,1
63129,1
151220,1
56134,1
507121,1
367769,1
42709,1
108236,1
60871,1
61150,1
60587,1
33061,1
165605,1
20429,1
63820,1
6980,1
37822,1
480425,1
31086,1
56163,1
61261,1
88900,1
6331,1
37824,1
502046,1
6057,1
333949,1
141939,1
26299,1
107378,1
84462,1
498139,1
146853,1
514090,1
51359,1
20862,1
511363,1
24595,1
497158,1
511310,1
65182,1
17878,1
59505,1
17353,1
43677,1
113508,1
507999,1
359976,1
363591,1
31853,1
137996,1
36903,1
57356,1
346806,1
475704,1
503231,1
90993,1
32892,1
159390,1
40757,1
114858,1
26774,1
497385,1
60938,1
58448,1
481229,1
1823,1
32735,1
13057,1
93112,1
257961,1
16906,1
123903,1
6373,1
32705,1
42174,1
53257,1
38420,1
92669,1
500127,1
396674,1
505184,1
64628,1
71515,1
58403,1
53559,1
504404,1
75813,1
92752,1
39950,1
55235,1
2910,1
480257,1
511117,1
515828,1
5411,1
44186,1
514143,1
20044,1
38982,1
55662,1
62734,1
2949,1
501542,1
108185,1
25430,1
116289,1
502592,1
51697,1
41685,1
60628,1
476929,1
511735,1
20730,1
22349,1
42438,1
181643,1
52406,1
3599,1
31796,1
3095,1
24120,1
475743,1
100563,1
100739,1
24936,1
103052,1
56685,1
62601,1
96536,1
497541,1
379629,1
101385,1
81052,1
22693,1
38452,1
161442,1
481612,1
42296,1
962,1
81131,1
514212,1
11296,1
69706,1
22947,1
18208,1
106673,1
481954,1
164500,1
500554,1
297778,1
166312,1
41730,1
64471,1
478409,1
52689,1
24814,1
31125,1
40973,1
437679,1
30964,1
47204,1
39760,1
514182,1
9400,1
57950,1
92337,1
6301,1
113028,1
111371,1
153707,1
480007,1
88341,1
75790,1
21512,1
10034,1
1990,1
43382,1
500656,1
74860,1
7844,1
515274,1
19356,1
68642,1
63796,1
510647,1
1251,1
45726,1
5320,1
500631,1
506730,1
80758,1
26238,1
37493,1
2596,1
152830,1
47854,1
52130,1
480494,1
17255,1
112836,1
107524,1
92647,1
479905,1
5292,1
505094,1
475299,1
72986,1
95593,1
34442,1
479873,1
70150,1
52304,1
52434,1
17025,1
11604,1
501626,1
20700,1
108570,1
33120,1
106776,1
30330,1
78402,1
10547,1
512794,1
91366,1
58775,1
172238,1
165092,1
116376,1
510659,1
510649,1
15299,1
500098,1
144436,1
38044,1
35493,1
27700,1
31715,1
44026,1
377053,1
501722,1
24471,1
59907,1
37554,1
11325,1
501310,1
12229,1
10006,1
26833,1
504168,1
25055,1
500960,1
505933,1
18567,1
34606,1
128781,1
507881,1
81563,1
509839,1
65728,1
21179,1
137549,1
20891,1
2797,1
14912,1
88247,1
26756,1
21014,1
62364,1
498274,1
510620,1
53418,1
500026,1
509110,1
111168,1
29952,1
17339,1
18395,1
15227,1
48918,1
26791,1
73890,1
790,1
40651,1
56960,1
44535,1
481912,1
64216,1
49111,1
12878,1
510075,1
58722,1
5808,1
476785,1
2237,1
501619,1
505488,1
30298,1
13432,1
14077,1
29953,1
26329,1
89405,1
503055,1
511807,1
111228,1
28565,1
91510,1
43688,1
478986,1
21253,1
2561,1
62484,1
95368,1
512110,1
113852,1
49374,1
513644,1
477093,1
93214,1
101281,1
53735,1
82881,1
54684,1
14304,1
13670,1
13199,1
107725,1
46331,1
63177,1
134940,1
57685,1
81896,1
25815,1
475338,1
5992,1
502912,1
475734,1
38338,1
111771,1
40474,1
107518,1
28835,1
46103,1
1389,1
62499,1
514804,1
96535,1
717,1
42961,1
27942,1
515236,1
497835,1
24313,1
28560,1
40775,1
475110,1
83551,1
63458,1
475060,1
53570,1
20484,1
5088,1
133903,1
59675,1
55346,1
24295,1
128393,1
28050,1
505208,1
165014,1
512248,1
27768,1
33296,1
27180,1
339,1
43691,1
80818,1
17614,1
29858,1
99533,1
116678,1
52575,1
500754,1
12157,1
497170,1
47289,1
63776,1
60074,1
482272,1
21448,1
42241,1
5001,1
5007,1
6995,1
367061,1
506970,1
115651,1
98653,1
414213,1
52578,1
27335,1
73612,1
508620,1
506269,1
30912,1
31816,1
18446,1
124256,1
49119,1
19651,1
135673,1
132858,1
39501,1
150607,1
59354,1
81965,1
69907,1
774,1
9567,1
75367,1
501040,1
515199,1
44157,1
73155,1
35245,1
36883,1
12386,1
45373,1
496696,1
497136,1
6256,1
102682,1
509443,1
43713,1
162541,1
13178,1
20776,1
19676,1
67059,1
27421,1
111651,1
12104,1
147934,1
47431,1
214,1
478643,1
54339,1
64284,1
82067,1
104517,1
62477,1
4905,1
110715,1
506270,1
29078,1
57103,1
58718,1
29359,1
507211,1
171370,1
505251,1
60130,1
46994,1
508367,1
22981,1
683,1
37595,1
46621,1
170240,1
34581,1
42781,1
15781,1
36390,1
19422,1
58938,1
63659,1
59327,1
6915,1
475839,1
44315,1
399534,1
479329,1
28424,1
114512,1
63837,1
30519,1
50018,1
502012,1
5600,1
480537,1
480858,1
18236,1
21845,1
63714,1
13527,1
2276,1
166471,1
54172,1
7824,1
509899,1
111645,1
503665,1
85556,1
371365,1
59781,1
91199,1
10150,1
57264,1
363161,1
16073,1
25396,1
95625,1
69580,1
112749,1
500764,1
44506,1
480410,1
7664,1
60971,1
21271,1
8872,1
529546,1
38991,1
294246,1
40559,1
98560,1
511184,1
475281,1
110619,1
127904,1
1205,1
44587,1
2655,1
481364,1
44377,1
477154,1
60103,1
53329,1
14057,1
497576,1
1412,1
62466,1
41420,1
44103,1
510497,1
54953,1
89228,1
60766,1
35513,1
19872,1
19325,1
505931,1
43026,1
60997,1
2199,1
506946,1
475951,1
31272,1
508733,1
357119,1
147976,1
39406,1
514840,1
505345,1
498249,1
24421,1
31496,1
72537,1
80455,1
22069,1
477241,1
23296,1
8046,1
24246,1
29258,1
82263,1
501155,1
133095,1
30901,1
68808,1
42178,1
64192,1
499818,1
4329,1
20091,1
67476,1
151160,1
97670,1
47961,1
37553,1
59345,1
329336,1
46652,1
64779,1
30925,1
171601,1
27544,1
57688,1
40875,1
169429,1
27576,1
49442,1
500832,1
4570,1
2456,1
48109,1
56109,1
36884,1
4981,1
482,1
37943,1
53176,1
142830,1
61343,1
63479,1
13889,1
503240,1
83300,1
40895,1
507771,1
21978,1
475953,1
4629,1
13089,1
36888,1
63413,1
28037,1
480958,1
1330,1
514519,1
54443,1
49016,1
57561,1
10830,1
48428,1
2544,1
56313,1
47141,1
87796,1
5835,1
54268,1
26880,1
21084,1
2216,1
26218,1
25113,1
72356,1
32501,1
24985,1
34985,1
35282,1
48308,1
57329,1
66549,1
511895,1
501707,1
82845,1
5750,1
1404,1
24588,1
45398,1
46455,1
481165,1
10502,1
50983,1
113473,1
90356,1
54118,1
502219,1
18575,1
500747,1
501656,1
64999,1
18952,1
93410,1
506790,1
33436,1
179252,1
29629,1
498286,1
10300,1
31507,1
2469,1
505317,1
514990,1
74167,1
122089,1
37936,1
54342,1
65941,1
18129,1
21264,1
505422,1
127383,1
16449,1
17750,1
28717,1
2071,1
5041,1
32598,1
133578,1
512027,1
35344,1
32318,1
101759,1
501457,1
26547,1
45479,1
61538,1
501679,1
503787,1
74781,1
497323,1
612220,1
64443,1
9848,1
55736,1
52475,1
25639,1
80294,1
101416,1
63859,1
26319,1
7110,1
29296,1
26820,1
15219,1
10777,1
508138,1
392832,1
73424,1
11905,1
16084,1
74103,1
62892,1
61293,1
513306,1
67021,1
111562,1
75017,1
6783,1
441083,1
15119,1
9010,1
503389,1
9421,1
529308,1
57703,1
483003,1
9373,1
50765,1
33593,1
16190,1
497276,1
131763,1
113760,1
13370,1
42640,1
119284,1
77182,1
168525,1
509394,1
64563,1
52094,1
54892,1
475681,1
475162,1
58514,1
47744,1
412351,1
99030,1
50455,1
7423,1
176540,1
21111,1
512213,1
62166,1
475608,1
476100,1
2192,1
504885,1
57314,1
113863,1
149903,1
159107,1
18679,1
4953,1
16462,1
483015,1
481382,1
506019,1
6003,1
501931,1
38340,1
512250,1
3885,1
49938,1
49841,1
62021,1
509931,1
61397,1
18921,1
9300,1
513479,1
309101,1
9995,1
475957,1
58086,1
6206,1
51844,1
151380,1
381685,1
512625,1
92122,1
513036,1
17772,1
97011,1
153684,1
58434,1
113183,1
316996,1
504636,1
34367,1
27630,1
10686,1
30315,1
57608,1
172353,1
39089,1
10852,1
506264,1
475985,1
36954,1
14736,1
30478,1
478016,1
48548,1
58725,1
498479,1
56119,1
39541,1
40075,1
84646,1
478415,1
103940,1
97927,1
6903,1
80948,1
21530,1
96382,1
27044,1
503221,1
68938,1
159476,1
499487,1
144191,1
30657,1
106032,1
112940,1
44549,1
108475,1
59763,1
51426,1
88976,1
498326,1
507500,1
64193,1
84410,1
67477,1
60276,1
30574,1
32191,1
6954,1
366761,1
498815,1
46991,1
4942,1
56149,1
23704,1
99423,1
56259,1
9933,1
356255,1
28513,1
512955,1
33830,1
27123,1
501550,1
112586,1
82607,1
478840,1
24884,1
6975,1
513000,1
511418,1
502709,1
50075,1
141183,1
85830,1
498466,1
48314,1
513001,1
63415,1
42287,1
12107,1
32086,1
44797,1
511726,1
505506,1
53254,1
15083,1
17272,1
10994,1
13071,1
45627,1
111703,1
9030,1
58349,1
47618,1
45657,1
2834,1
17612,1
48357,1
2650,1
40295,1
476702,1
34513,1
97589,1
10348,1
9126,1
10233,1
3346,1
513462,1
56865,1
58721,1
497192,1
31879,1
391670,1
43769,1
506731,1
5569,1
49765,1
149932,1
18742,1
55543,1
56576,1
23355,1
49628,1
2124,1
513344,1
39593,1
23841,1
21583,1
69840,1
13131,1
177756,1
81541,1
270329,1
8666,1
18794,1
18403,1
14210,1
10182,1
499425,1
515118,1
1005,1
166006,1
4716,1
16199,1
99074,1
26870,1
98552,1
64022,1
12242,1
483287,1
4966,1
85834,1
9654,1
503861,1
508491,1
479659,1
496541,1
51113,1
481353,1
56437,1
22199,1
46106,1
12354,1
109664,1
89203,1
64754,1
262705,1
36074,1
10803,1
46564,1
478514,1
111524,1
512967,1
24278,1
23731,1
13576,1
25973,1
25589,1
5216,1
26315,1
32767,1
17805,1
41915,1
14460,1
59593,1
510816,1
23176,1
66835,1
502260,1
511435,1
39642,1
14872,1
24622,1
43462,1
6559,1
8895,1
16908,1
99076,1
39109,1
56684,1
482844,1
71221,1
481020,1
26326,1
482828,1
34810,1
182029,1
5658,1
48512,1
1348,1
61498,1
510191,1
52261,1
27496,1
52049,1
48912,1
21008,1
507676,1
111410,1
479959,1
28828,1
22505,1
54358,1
3756,1
2500,1
88750,1
503091,1
32594,1
32095,1
55531,1
114809,1
477286,1
508852,1
144148,1
136400,1
55276,1
32917,1
6869,1
480867,1
505917,1
3514,1
2045,1
62507,1
502085,1
11162,1
25578,1
497839,1
513455,1
14918,1
30559,1
80220,1
18280,1
164219,1
24786,1
6282,1
76146,1
881,1
63530,1
6470,1
30698,1
480882,1
482752,1
514039,1
41175,1
7739,1
497359,1
107528,1
5900,1
67503,1
6327,1
8241,1
5464,1
41235,1
180755,1
55911,1
512410,1
42930,1
85108,1
478589,1
2017,1
496947,1
16494,1
20006,1
35584,1
11835,1
27854,1
504547,1
1342,1
75119,1
3491,1
516,1
22782,1
50350,1
33667,1
75403,1
37341,1
514582,1
5014,1
11314,1
85584,1
26724,1
105855,1
104004,1
51519,1
85288,1
71372,1
40624,1
48273,1
98018,1
14305,1
478992,1
49653,1
47560,1
57974,1
514859,1
31313,1
48798,1
507641,1
30353,1
475926,1
34123,1
26890,1
328558,1
43797,1
497821,1
373781,1
63577,1
23665,1
19666,1
479943,1
499625,1
98233,1
49182,1
515773,1
24667,1
14935,1
479030,1
504995,1
35343,1
161620,1
44605,1
22419,1
61381,1
49953,1
88802,1
128021,1
27359,1
479077,1
57357,1
16158,1
112417,1
62714,1
475885,1
165690,1
15093,1
112121,1
19486,1
54289,1
316520,1
53401,1
54319,1
175549,1
40205,1
168482,1
45025,1
51942,1
11191,1
113103,1
91410,1
94387,1
55588,1
38183,1
62803,1
481332,1
34175,1
507114,1
16247,1
29758,1
514652,1
501858,1
95526,1
7646,1
20813,1
74537,1
22555,1
509502,1
431323,1
62941,1
19560,1
143457,1
49921,1
504554,1
37401,1
478097,1
36866,1
96640,1
505404,1
53543,1
25493,1
479732,1
54475,1
114701,1
499848,1
92645,1
34808,1
44501,1
16773,1
38205,1
504309,1
25935,1
37291,1
3790,1
8804,1
505582,1
52912,1
508216,1
510501,1
21033,1
50842,1
510259,1
84196,1
30489,1
15536,1
40179,1
26222,1
49941,1
52752,1
2943,1
33620,1
511226,1
37122,1
41807,1
476095,1
124040,1
58162,1
20632,1
41109,1
12653,1
501033,1
28008,1
503378,1
40367,1
508210,1
60674,1
100839,1
123278,1
58910,1
497229,1
111710,1
61335,1
27060,1
511526,1
10480,1
50194,1
59213,1
160988,1
60826,1
46605,1
8832,1
13948,1
9067,1
8521,1
475006,1
513118,1
506036,1
19044,1
102097,1
18457,1
513894,1
49910,1
479857,1
20788,1
502679,1
43697,1
11921,1
21342,1
60991,1
100792,1
32563,1
54089,1
15572,1
82609,1
498359,1
18496,1
17176,1
83721,1
68537,1
502771,1
1272,1
55373,1
60258,1
49658,1
22753,1
129555,1
92513,1
26467,1
30679,1
121142,1
65718,1
497681,1
8660,1
111631,1
478623,1
64528,1
147365,1
3462,1
60339,1
511801,1
39750,1
61966,1
373763,1
26484,1
28688,1
41088,1
61368,1
9644,1
80207,1
9034,1
33881,1
72088,1
482661,1
27889,1
22220,1
499353,1
515330,1
62415,1
14816,1
512827,1
52185,1
165943,1
157295,1
13368,1
136946,1
5572,1
113762,1
51454,1
507499,1
103446,1
93828,1
17021,1
25608,1
8129,1
123969,1
500535,1
24892,1
496455,1
11029,1
481055,1
309167,1
29713,1
5230,1
54168,1
31741,1
16581,1
64261,1
60312,1
507520,1
4299,1
828,1
51687,1
104985,1
506457,1
59720,1
496926,1
35595,1
38367,1
441,1
33576,1
502499,1
38588,1
86694,1
479718,1
90417,1
505928,1
3329,1
73799,1
103120,1
81428,1
52313,1
10,1
497294,1
24189,1
28532,1
29906,1
37386,1
49890,1
28377,1
28020,1
509981,1
115335,1
81716,1
128630,1
119429,1
13476,1
33989,1
30379,1
68241,1
512623,1
114514,1
105878,1
21878,1
48381,1
507235,1
58067,1
49388,1
33766,1
143072,1
63232,1
169665,1
85033,1
34767,1
502807,1
95660,1
476116,1
152649,1
2303,1
511081,1
25675,1
76560,1
52192,1
41081,1
16363,1
9347,1
141754,1
46167,1
481124,1
24509,1
49736,1
63004,1
69438,1
30823,1
37303,1
58483,1
49787,1
378400,1
482324,1
96107,1
17970,1
45220,1
9343,1
44055,1
31778,1
62340,1
61860,1
510843,1
50036,1
8985,1
3020,1
10761,1
507404,1
3168,1
496592,1
57291,1
38723,1
14939,1
76517,1
56976,1
15348,1
60036,1
11750,1
48096,1
24069,1
61628,1
23087,1
498944,1
478482,1
503499,1
46312,1
477184,1
319810,1
49660,1
58,1
64144,1
38057,1
10332,1
13848,1
82984,1
15881,1
84077,1
1614,1
514817,1
35279,1
4053,1
84604,1
481873,1
40579,1
12070,1
101374,1
20973,1
500525,1
52429,1
75719,1
55936,1
11130,1
1644,1
286788,1
481202,1
83622,1
480370,1
40101,1
47452,1
500512,1
87445,1
24348,1
509863,1
76231,1
503305,1
505692,1
53940,1
86616,1
509014,1
11250,1
507739,1
51378,1
26490,1
475904,1
92962,1
158333,1
108115,1
510850,1
19483,1
15701,1
513837,1
42010,1
46833,1
68692,1
507118,1
504441,1
70850,1
42172,1
97334,1
5196,1
515149,1
26110,1
41550,1
475195,1
505496,1
39706,1
510893,1
166319,1
95467,1
499459,1
128879,1
123136,1
40932,1
104578,1
78909,1
804,1
98422,1
504532,1
5930,1
100347,1
92460,1
497118,1
506701,1
78839,1
478100,1
11966,1
507068,1
114702,1
475100,1
2738,1
37522,1
112336,1
501257,1
510762,1
477923,1
45375,1
50974,1
20317,1
27951,1
27300,1
175780,1
13200,1
140467,1
4378,1
2999,1
2141,1
116700,1
3743,1
61558,1
25378,1
23351,1
507530,1
94122,1
300709,1
52186,1
512116,1
505623,1
33339,1
514584,1
28427,1
43011,1
36989,1
35293,1
34493,1
62000,1
501959,1
506670,1
3958,1
171574,1
476683,1
59059,1
27620,1
45662,1
90482,1
14260,1
477486,1
38495,1
51522,1
511161,1
40797,1
18449,1
323589,1
420417,1
62975,1
514963,1
58723,1
5588,1
498178,1
4672,1
129058,1
477852,1
51465,1
478406,1
503870,1
45155,1
479567,1
60271,1
30020,1
91529,1
506620,1
26380,1
54757,1
50605,1
85501,1
499222,1
61257,1
42065,1
61547,1
27131,1
83383,1
50996,1
496885,1
482926,1
4279,1
32029,1
108050,1
57267,1
23613,1
35478,1
95237,1
249,1
39301,1
506663,1
18931,1
108887,1
47550,1
475175,1
15059,1
160,1
102860,1
66355,1
345957,1
46043,1
475611,1
327306,1
21053,1
573,1
502917,1
496858,1
25353,1
481363,1
64937,1
11158,1
23924,1
12311,1
497369,1
51778,1
45331,1
508865,1
31699,1
483144,1
89243,1
45499,1
45786,1
4284,1
99629,1
502842,1
28955,1
29310,1
114303,1
159363,1
39770,1
16147,1
34476,1
505349,1
41763,1
100431,1
142585,1
12154,1
25666,1
512637,1
476508,1
508396,1
33234,1
115312,1
477111,1
38344,1
61407,1
505781,1
46064,1
515154,1
3364,1
479473,1
108823,1
60,1
51205,1
112867,1
63052,1
12790,1
2511,1
60970,1
9576,1
336801,1
96863,1
508790,1
507806,1
18610,1
500936,1
59162,1
54205,1
323566,1
19270,1
475764,1
25522,1
170651,1
123893,1
476970,1
41452,1
81939,1
990,1
40139,1
46428,1
478481,1
508082,1
511369,1
70417,1
508497,1
503663,1
56558,1
45570,1
43950,1
124796,1
480893,1
32559,1
19193,1
12191,1
154422,1
56052,1
92446,1
46072,1
18272,1
44145,1
90023,1
48642,1
83648,1
510877,1
57816,1
28038,1
2508,1
59353,1
24804,1
21748,1
64076,1
169409,1
4254,1
23104,1
24111,1
53924,1
44148,1
88751,1
481585,1
18202,1
19879,1
16487,1
111587,1
39079,1
80312,1
506812,1
482463,1
71859,1
21787,1
508151,1
16106,1
177706,1
45529,1
23640,1
361531,1
478342,1
497259,1
64439,1
503431,1
402332,1
314124,1
27873,1
1371,1
377016,1
26289,1
498580,1
317062,1
13189,1
42708,1
63525,1
20251,1
40565,1
52442,1
366266,1
40781,1
13164,1
505398,1
514154,1
503677,1
32188,1
105399,1
60489,1
60670,1
45820,1
52013,1
41759,1
43368,1
311912,1
498315,1
40594,1
90038,1
80292,1
56327,1
110685,1
10305,1
61111,1
7944,1
34034,1
501339,1
141504,1
170704,1
56418,1
30369,1
503858,1
508989,1
100667,1
33851,1
66598,1
57861,1
61950,1
110040,1
10431,1
38424,1
58137,1
50168,1
68846,1
337721,1
482027,1
508706,1
102641,1
22538,1
14677,1
36789,1
20668,1
45793,1
69902,1
60886,1
29158,1
54293,1
87381,1
17926,1
29595,1
480727,1
98361,1
62091,1
59689,1
48309,1
477606,1
10675,1
12220,1
11460,1
508060,1
64602,1
13550,1
508831,1
22019,1
59987,1
46537,1
7454,1
29228,1
114928,1
59819,1
71960,1
477002,1
30213,1
55097,1
71210,1
53247,1
513155,1
112831,1
75841,1
25728,1
56169,1
508438,1
53612,1
1903,1
496961,1
49431,1
53113,1
505984,1
499541,1
58931,1
23138,1
69424,1
46750,1
511390,1
505360,1
42882,1
125172,1
6824,1
117652,1
32002,1
33011,1
49573,1
71622,1
50662,1
506856,1
36343,1
10417,1
129511,1
86962,1
103985,1
37603,1
78067,1
2671,1
53225,1
476757,1
450094,1
500900,1
505873,1
514050,1
37215,1
69881,1
479856,1
20768,1
118398,1
34962,1
86054,1
45784,1
476861,1
504694,1
97636,1
8286,1
31190,1
59428,1
514741,1
362300,1
99331,1
5721,1
479196,1
58169,1
19957,1
24650,1
334099,1
479970,1
32701,1
16060,1
86110,1
4060,1
62643,1
7923,1
482907,1
10500,1
514226,1
63199,1
20459,1
36006,1
58389,1
146366,1
70518,1
480352,1
1327,1
30606,1
8431,1
36080,1
118204,1
57730,1
16984,1
48205,1
260455,1
43215,1
482820,1
505543,1
7549,1
80910,1
17569,1
22139,1
16912,1
177238,1
478426,1
10147,1
21125,1
9171,1
63061,1
501627,1
14470,1
14565,1
380852,1
42907,1
25377,1
60604,1
76493,1
311037,1
83049,1
38598,1
6527,1
85822,1
60627,1
26583,1
51621,1
17321,1
44,1
28978,1
510469,1
122328,1
503961,1
88307,1
497505,1
64065,1
58425,1
410725,1
18308,1
112362,1
332441,1
100441,1
267194,1
101322,1
3445,1
114911,1
55650,1
48063,1
107735,1
41675,1
503555,1
54145,1
64226,1
499138,1
29851,1
22504,1
55006,1
393484,1
63706,1
477831,1
32493,1
1217,1
27751,1
102985,1
32042,1
32574,1
505465,1
3225,1
20443,1
5693,1
479844,1
482804,1
514003,1
16140,1
479596,1
502780,1
40851,1
476239,1
508109,1
20269,1
1421,1
61589,1
6278,1
47304,1
58806,1
55426,1
481842,1
34770,1
6384,1
497429,1
46547,1
14393,1
476398,1
60564,1
500884,1
476546,1
19655,1
32617,1
501455,1
63048,1
29525,1
67122,1
509811,1
45211,1
106388,1
112168,1
150807,1
30813,1
